customer_id,signup_date,age,annual_income,credit_score,city,plan,country,notes,churned
1000,2023-01-01 00:00:00,38.0,8496.97,538,Delhi,basic,IN,,1
1001,2023-01-01 06:00:00,56.0,,424,Mumbai,basic,IN,,1
1002,2023-01-01 12:00:00,,20812.08,797,Delhi,basic,IN,,0
1003,2023-01-01 18:00:00,31.0,8128.76,665,Chennai,basic,IN,,0
1004,2023-01-02 00:00:00,34.0,400630.7,529,Pune,basic,IN,,0
1005,2023-01-02 06:00:00,31.0,16930.4,766,Mumbai,basic,IN,,1
1006,2023-01-02 12:00:00,45.0,12993.68,454,Mumbai,basic,IN,,0
1007,2023-01-02 18:00:00,37.0,,559,Delhi,basic,IN,,0
1008,2023-01-03 00:00:00,48.0,8221.13,653,Delhi,basic,IN,,0
1009,2023-01-03 06:00:00,14.0,1791.75,375,Mumbai,pro,IN,,0
1010,2023-01-03 12:00:00,58.0,20155.46,804,Mumbai,basic,IN,,0
1011,2023-01-03 18:00:00,37.0,,742,Chennai,basic,IN,,1
1012,2023-01-04 00:00:00,47.0,,815,Delhi,basic,IN,,0
1013,2023-01-04 06:00:00,36.0,26858.58,590,Chennai,basic,IN,,0
1014,2023-01-04 12:00:00,33.0,7054.68,618,Pune,basic,IN,,0
1015,2023-01-04 18:00:00,44.0,25661.5,675,Delhi,basic,IN,,0
1016,2023-01-05 00:00:00,49.0,,624,Delhi,basic,IN,,0
1017,2023-01-05 06:00:00,35.0,,355,Delhi,basic,IN,,0
1018,2023-01-05 12:00:00,36.0,,560,,basic,IN,,0
1019,2023-01-05 18:00:00,47.0,12294.76,731,Delhi,basic,IN,,0
1020,2023-01-06 00:00:00,27.0,,718,Delhi,basic,IN,,0
1021,2023-01-06 06:00:00,18.0,16291.59,504,Pune,basic,IN,,0
1022,2023-01-06 12:00:00,43.0,,594,Delhi,basic,IN,,0
1023,2023-01-06 18:00:00,29.0,57879.43,789,,basic,IN,,0
1024,2023-01-07 00:00:00,13.0,19079.59,399,Pune,basic,IN,,0
1025,2023-01-07 06:00:00,,6489.25,436,Chennai,basic,IN,,0
1026,2023-01-07 12:00:00,32.0,52344.37,390,Pune,basic,IN,,0
1027,2023-01-07 18:00:00,22.0,,303,Pune,basic,IN,,1
1028,2023-01-08 00:00:00,19.0,,398,Mumbai,basic,IN,,0
1029,2023-01-08 06:00:00,,7923.69,475,Mumbai,basic,IN,,0
1030,2023-01-08 12:00:00,50.0,67324.31,748,Pune,basic,IN,,0
1031,2023-01-08 18:00:00,35.0,,698,Delhi,basic,IN,,0
1032,2023-01-09 00:00:00,,,759,Delhi,basic,IN,,0
1033,2023-01-09 06:00:00,43.0,59787.07,695,Chennai,basic,IN,,0
1034,2023-01-09 12:00:00,47.0,259907.87,572,Mumbai,basic,IN,,0
1035,2023-01-09 18:00:00,34.0,192932.02,766,Mumbai,basic,IN,,0
1036,2023-01-10 00:00:00,45.0,14259.42,783,Mumbai,basic,IN,,0
1037,2023-01-10 06:00:00,52.0,28993.95,415,Pune,basic,IN,,0
1038,2023-01-10 12:00:00,35.0,46598.65,843,Pune,basic,IN,,0
1039,2023-01-10 18:00:00,,,626,Delhi,basic,IN,,0
1040,2023-01-11 00:00:00,,,833,Pune,basic,IN,,0
1041,2023-01-11 06:00:00,41.0,7984.3,340,Delhi,basic,IN,,0
1042,2023-01-11 12:00:00,52.0,61036.85,718,Mumbai,basic,IN,,0
1043,2023-01-11 18:00:00,21.0,,423,Mumbai,basic,IN,,0
1044,2023-01-12 00:00:00,29.0,6155.45,703,Chennai,basic,IN,,0
1045,2023-01-12 06:00:00,27.0,,325,Mumbai,basic,IN,,0
1046,2023-01-12 12:00:00,15.0,,363,Chennai,basic,IN,,0
1047,2023-01-12 18:00:00,40.0,26505.55,645,,basic,IN,,0
1048,2023-01-13 00:00:00,45.0,47327.64,668,Mumbai,basic,IN,,0
1049,2023-01-13 06:00:00,28.0,,792,Chennai,basic,IN,,0
1050,2023-01-13 12:00:00,56.0,,364,Chennai,basic,IN,,0
1051,2023-01-13 18:00:00,49.0,23417.56,630,Delhi,basic,IN,,0
1052,2023-01-14 00:00:00,46.0,6024.13,323,Mumbai,basic,IN,,1
1053,2023-01-14 06:00:00,,52293.4,631,Chennai,basic,IN,,0
1054,2023-01-14 12:00:00,50.0,,385,Pune,basic,IN,,0
1055,2023-01-14 18:00:00,21.0,233351.01,797,Chennai,basic,IN,,0
1056,2023-01-15 00:00:00,46.0,25596.97,794,Mumbai,basic,IN,,0
1057,2023-01-15 06:00:00,46.0,,481,Mumbai,basic,IN,,1
1058,2023-01-15 12:00:00,15.0,,588,Pune,basic,IN,,0
1059,2023-01-15 18:00:00,43.0,129210.37,606,Delhi,basic,IN,,0
1060,2023-01-16 00:00:00,35.0,38595.91,717,Mumbai,basic,IN,,0
1061,2023-01-16 06:00:00,48.0,58104.76,745,Delhi,basic,IN,,0
1062,2023-01-16 12:00:00,32.0,11478.4,613,Mumbai,basic,IN,,0
1063,2023-01-16 18:00:00,38.0,,406,Mumbai,basic,IN,,1
1064,2023-01-17 00:00:00,42.0,,488,Delhi,basic,IN,,0
1065,2023-01-17 06:00:00,27.0,,686,Delhi,basic,IN,,0
1066,2023-01-17 12:00:00,46.0,,656,Chennai,basic,IN,,0
1067,2023-01-17 18:00:00,37.0,,342,,basic,IN,,0
1068,2023-01-18 00:00:00,44.0,,607,Delhi,basic,IN,,0
1069,2023-01-18 06:00:00,31.0,,503,Mumbai,basic,IN,,0
1070,2023-01-18 12:00:00,52.0,,536,Pune,basic,IN,,1
1071,2023-01-18 18:00:00,46.0,24774.4,401,Delhi,basic,IN,,0
1072,2023-01-19 00:00:00,36.0,17178.61,530,Delhi,basic,IN,,1
1073,2023-01-19 06:00:00,46.0,42448.09,537,Chennai,basic,IN,,1
1074,2023-01-19 12:00:00,54.0,,471,Delhi,basic,IN,,0
1075,2023-01-19 18:00:00,61.0,67286.66,412,,pro,IN,,0
1076,2023-01-20 00:00:00,,,418,Mumbai,basic,IN,,1
1077,2023-01-20 06:00:00,49.0,,333,Mumbai,basic,IN,,0
1078,2023-01-20 12:00:00,44.0,,538,Mumbai,basic,IN,,1
1079,2023-01-20 18:00:00,37.0,10060.35,544,Mumbai,basic,IN,,0
1080,2023-01-21 00:00:00,25.0,5094.57,358,Delhi,basic,IN,,0
1081,2023-01-21 06:00:00,,,514,Mumbai,basic,IN,,0
1082,2023-01-21 12:00:00,22.0,10114.01,400,Mumbai,basic,IN,,0
1083,2023-01-21 18:00:00,,282266.84,703,Chennai,basic,IN,,0
1084,2023-01-22 00:00:00,55.0,,587,Delhi,basic,IN,,0
1085,2023-01-22 06:00:00,17.0,,307,Delhi,basic,IN,,0
1086,2023-01-22 12:00:00,34.0,17055.95,687,Chennai,basic,IN,,0
1087,2023-01-22 18:00:00,21.0,,649,Mumbai,basic,IN,,0
1088,2023-01-23 00:00:00,41.0,9373.28,702,Delhi,basic,IN,,0
1089,2023-01-23 06:00:00,58.0,22126.95,324,Pune,basic,IN,,0
1090,2023-01-23 12:00:00,64.0,,800,Delhi,basic,IN,,0
1091,2023-01-23 18:00:00,15.0,,567,Pune,basic,IN,,1
1092,2023-01-24 00:00:00,31.0,25393.59,647,Pune,basic,IN,,0
1093,2023-01-24 06:00:00,47.0,,311,Delhi,basic,IN,,0
1094,2023-01-24 12:00:00,59.0,5562.26,546,Pune,basic,IN,,0
1095,2023-01-24 18:00:00,43.0,,801,Mumbai,basic,IN,,0
1096,2023-01-25 00:00:00,28.0,156318.76,364,Delhi,basic,IN,,0
1097,2023-01-25 06:00:00,,,568,,basic,IN,,0
1098,2023-01-25 12:00:00,38.0,,710,Delhi,basic,IN,,0
1099,2023-01-25 18:00:00,35.0,,562,Mumbai,basic,IN,,0
1100,2023-01-26 00:00:00,28.0,1482.35,553,Chennai,basic,IN,,0
1101,2023-01-26 06:00:00,43.0,,339,Pune,basic,IN,,0
1102,2023-01-26 12:00:00,42.0,96249.71,573,Delhi,basic,IN,,0
1103,2023-01-26 18:00:00,37.0,,732,Pune,basic,IN,,0
1104,2023-01-27 00:00:00,35.0,,325,Delhi,basic,IN,,0
1105,2023-01-27 06:00:00,21.0,35400.95,446,Pune,basic,IN,,0
1106,2023-01-27 12:00:00,32.0,28806.07,717,Mumbai,basic,IN,,1
1107,2023-01-27 18:00:00,54.0,79369.79,558,Pune,basic,IN,,0
1108,2023-01-28 00:00:00,36.0,71894.4,712,Mumbai,basic,IN,,0
1109,2023-01-28 06:00:00,19.0,19617.44,697,Mumbai,basic,IN,,0
1110,2023-01-28 12:00:00,55.0,40996.02,733,Pune,basic,IN,,0
1111,2023-01-28 18:00:00,45.0,3648.46,735,Mumbai,basic,IN,,0
1112,2023-01-29 00:00:00,65.0,89908.58,640,Pune,basic,IN,,0
1113,2023-01-29 06:00:00,39.0,32398.52,512,Delhi,basic,IN,,1
1114,2023-01-29 12:00:00,32.0,87126.38,340,Delhi,basic,IN,,0
1115,2023-01-29 18:00:00,19.0,84994.76,333,Delhi,basic,IN,,0
1116,2023-01-30 00:00:00,55.0,,464,Mumbai,basic,IN,,1
1117,2023-01-30 06:00:00,71.0,22402.38,842,Mumbai,basic,IN,,0
1118,2023-01-30 12:00:00,27.0,,357,Delhi,basic,IN,,1
1119,2023-01-30 18:00:00,30.0,,440,,basic,IN,,1
1120,2023-01-31 00:00:00,46.0,22836.85,814,Mumbai,basic,IN,,0
1121,2023-01-31 06:00:00,27.0,31266.72,323,Delhi,basic,IN,,0
1122,2023-01-31 12:00:00,34.0,7997.73,397,Pune,basic,IN,,1
1123,2023-01-31 18:00:00,,57773.59,640,Delhi,basic,IN,,0
1124,2023-02-01 00:00:00,40.0,29425.5,625,Delhi,basic,IN,,0
1125,2023-02-01 06:00:00,52.0,,780,Delhi,basic,IN,,0
1126,2023-02-01 12:00:00,38.0,11324.23,601,Mumbai,basic,IN,,0
1127,2023-02-01 18:00:00,50.0,3790.81,348,Delhi,basic,IN,,0
1128,2023-02-02 00:00:00,33.0,62131.75,682,Delhi,basic,IN,,0
1129,2023-02-02 06:00:00,42.0,51709.96,325,Delhi,basic,IN,,0
1130,2023-02-02 12:00:00,10.0,23400.49,391,Mumbai,basic,IN,,0
1131,2023-02-02 18:00:00,19.0,16615.36,672,Pune,basic,IN,,0
1132,2023-02-03 00:00:00,,19469.01,587,Delhi,basic,IN,,0
1133,2023-02-03 06:00:00,30.0,22712.44,614,Mumbai,basic,IN,,0
1134,2023-02-03 12:00:00,46.0,,526,Delhi,basic,IN,,0
1135,2023-02-03 18:00:00,45.0,2890.66,442,Delhi,basic,IN,,0
1136,2023-02-04 00:00:00,55.0,62567.11,645,Delhi,basic,IN,,0
1137,2023-02-04 06:00:00,,5100.37,445,Delhi,basic,IN,,1
1138,2023-02-04 12:00:00,51.0,,815,Mumbai,basic,IN,,0
1139,2023-02-04 18:00:00,37.0,18845.47,722,Pune,basic,IN,,0
1140,2023-02-05 00:00:00,29.0,35200.77,550,Mumbai,basic,IN,,1
1141,2023-02-05 06:00:00,28.0,,311,Delhi,basic,IN,,0
1142,2023-02-05 12:00:00,32.0,99696.91,668,Delhi,basic,IN,,0
1143,2023-02-05 18:00:00,23.0,,432,Chennai,basic,IN,,0
1144,2023-02-06 00:00:00,31.0,61708.34,553,Delhi,basic,IN,,0
1145,2023-02-06 06:00:00,37.0,106717.5,499,Delhi,basic,IN,,0
1146,2023-02-06 12:00:00,41.0,11009.49,818,Pune,basic,IN,,1
1147,2023-02-06 18:00:00,34.0,842.63,725,Delhi,basic,IN,,0
1148,2023-02-07 00:00:00,13.0,,826,,basic,IN,,1
1149,2023-02-07 06:00:00,37.0,,472,Delhi,basic,IN,,0
1150,2023-02-07 12:00:00,41.0,95489.0,344,Delhi,basic,IN,,0
1151,2023-02-07 18:00:00,52.0,14764.35,329,Mumbai,basic,IN,,0
1152,2023-02-08 00:00:00,46.0,24081.46,758,Mumbai,basic,IN,,0
1153,2023-02-08 06:00:00,30.0,,708,Mumbai,basic,IN,,0
1154,2023-02-08 12:00:00,29.0,,805,Delhi,basic,IN,,0
1155,2023-02-08 18:00:00,64.0,12811.59,678,Pune,basic,IN,,0
1156,2023-02-09 00:00:00,48.0,,502,Chennai,basic,IN,,0
1157,2023-02-09 06:00:00,62.0,152499.97,370,Mumbai,basic,IN,,0
1158,2023-02-09 12:00:00,66.0,13057.21,513,Chennai,basic,IN,,0
1159,2023-02-09 18:00:00,,,700,Chennai,basic,IN,,0
1160,2023-02-10 00:00:00,43.0,27172.69,677,Delhi,basic,IN,,0
1161,2023-02-10 06:00:00,44.0,,642,Delhi,basic,IN,,0
1162,2023-02-10 12:00:00,45.0,307405.3,804,Delhi,basic,IN,,0
1163,2023-02-10 18:00:00,45.0,9211.01,502,Delhi,basic,IN,,0
1164,2023-02-11 00:00:00,41.0,,505,Pune,basic,IN,,0
1165,2023-02-11 06:00:00,40.0,175631.91,618,Mumbai,basic,IN,,0
1166,2023-02-11 12:00:00,18.0,14933.14,553,Delhi,basic,IN,,0
1167,2023-02-11 18:00:00,36.0,,576,Mumbai,basic,IN,,0
1168,2023-02-12 00:00:00,28.0,84542.77,635,Delhi,basic,IN,,0
1169,2023-02-12 06:00:00,40.0,28910.47,736,Delhi,basic,IN,,0
1170,2023-02-12 12:00:00,32.0,6973.93,398,Mumbai,basic,IN,,0
1171,2023-02-12 18:00:00,46.0,8190.07,823,Chennai,basic,IN,,0
1172,2023-02-13 00:00:00,49.0,,501,Pune,basic,IN,,0
1173,2023-02-13 06:00:00,42.0,77685.33,487,,basic,IN,,0
1174,2023-02-13 12:00:00,42.0,,534,Mumbai,basic,IN,,0
1175,2023-02-13 18:00:00,39.0,55269.26,349,,basic,IN,,1
1176,2023-02-14 00:00:00,32.0,,393,Mumbai,basic,IN,,0
1177,2023-02-14 06:00:00,36.0,108702.23,500,Mumbai,basic,IN,,0
1178,2023-02-14 12:00:00,32.0,130788.47,452,Pune,basic,IN,,0
1179,2023-02-14 18:00:00,43.0,,629,Mumbai,basic,IN,,0
1180,2023-02-15 00:00:00,38.0,4585.34,639,Delhi,basic,IN,,1
1181,2023-02-15 06:00:00,46.0,103284.01,441,Pune,basic,IN,,0
1182,2023-02-15 12:00:00,21.0,38614.94,781,Chennai,basic,IN,,0
1183,2023-02-15 18:00:00,50.0,23462.59,385,Mumbai,basic,IN,,0
1184,2023-02-16 00:00:00,28.0,8159.07,478,Mumbai,pro,IN,,0
1185,2023-02-16 06:00:00,28.0,4684.86,416,Delhi,basic,IN,,0
1186,2023-02-16 12:00:00,35.0,7925.1,697,Pune,basic,IN,,0
1187,2023-02-16 18:00:00,31.0,26278.32,766,Mumbai,basic,IN,,1
1188,2023-02-17 00:00:00,42.0,,813,Delhi,basic,IN,,0
1189,2023-02-17 06:00:00,31.0,10958.58,692,Chennai,basic,IN,,1
1190,2023-02-17 12:00:00,24.0,,383,Delhi,basic,IN,,0
1191,2023-02-17 18:00:00,27.0,,369,Chennai,basic,IN,,0
1192,2023-02-18 00:00:00,55.0,,356,Chennai,basic,IN,,0
1193,2023-02-18 06:00:00,39.0,22914.3,464,Delhi,basic,IN,,0
1194,2023-02-18 12:00:00,23.0,115711.21,469,Delhi,basic,IN,,0
1195,2023-02-18 18:00:00,38.0,,448,Pune,basic,IN,,0
1196,2023-02-19 00:00:00,18.0,52008.71,719,Mumbai,basic,IN,,0
1197,2023-02-19 06:00:00,61.0,8408.28,361,Delhi,basic,IN,,1
1198,2023-02-19 12:00:00,18.0,38640.68,411,Mumbai,basic,IN,,0
1199,2023-02-19 18:00:00,44.0,30683.07,761,Delhi,basic,IN,,0
1200,2023-02-20 00:00:00,45.0,32626.39,714,Mumbai,pro,IN,,1
1201,2023-02-20 06:00:00,19.0,16106.64,459,Mumbai,basic,IN,,0
1202,2023-02-20 12:00:00,42.0,,592,Chennai,basic,IN,,0
1203,2023-02-20 18:00:00,51.0,,610,Mumbai,basic,IN,,0
1204,2023-02-21 00:00:00,44.0,16078.34,746,Delhi,basic,IN,,0
1205,2023-02-21 06:00:00,41.0,83843.97,510,,basic,IN,,1
1206,2023-02-21 12:00:00,50.0,,526,Pune,basic,IN,,0
1207,2023-02-21 18:00:00,40.0,7170.04,338,Delhi,basic,IN,,0
1208,2023-02-22 00:00:00,42.0,53640.27,340,Delhi,basic,IN,,0
1209,2023-02-22 06:00:00,36.0,15871.74,320,Mumbai,basic,IN,,0
1210,2023-02-22 12:00:00,46.0,44569.83,628,Delhi,basic,IN,,0
1211,2023-02-22 18:00:00,26.0,15839.89,682,Mumbai,basic,IN,,0
1212,2023-02-23 00:00:00,,5329.73,544,Delhi,basic,IN,,0
1213,2023-02-23 06:00:00,,,645,Chennai,pro,IN,,0
1214,2023-02-23 12:00:00,24.0,44246.21,831,Chennai,basic,IN,,0
1215,2023-02-23 18:00:00,,6986.56,570,Pune,basic,IN,,0
1216,2023-02-24 00:00:00,60.0,3359.16,587,Delhi,basic,IN,,0
1217,2023-02-24 06:00:00,51.0,14948.31,397,Pune,basic,IN,,0
1218,2023-02-24 12:00:00,31.0,7331.77,786,Mumbai,basic,IN,,0
1219,2023-02-24 18:00:00,47.0,,487,Chennai,basic,IN,,0
1220,2023-02-25 00:00:00,,53226.11,685,Delhi,basic,IN,,1
1221,2023-02-25 06:00:00,,,578,Delhi,basic,IN,,1
1222,2023-02-25 12:00:00,39.0,18169.84,843,Delhi,basic,IN,,0
1223,2023-02-25 18:00:00,8.0,,418,Chennai,basic,IN,,0
1224,2023-02-26 00:00:00,40.0,96836.45,464,,basic,IN,,0
1225,2023-02-26 06:00:00,25.0,,617,Pune,basic,IN,,0
1226,2023-02-26 12:00:00,29.0,4299.59,392,Delhi,basic,IN,,0
1227,2023-02-26 18:00:00,19.0,68799.36,761,Delhi,basic,IN,,0
1228,2023-02-27 00:00:00,18.0,52651.4,799,,basic,IN,,0
1229,2023-02-27 06:00:00,26.0,358761.61,397,Delhi,basic,IN,,0
1230,2023-02-27 12:00:00,49.0,129956.21,680,Chennai,basic,IN,,0
1231,2023-02-27 18:00:00,60.0,63754.33,812,Mumbai,basic,IN,,0
1232,2023-02-28 00:00:00,38.0,,483,Delhi,basic,IN,,0
1233,2023-02-28 06:00:00,52.0,,579,Mumbai,basic,IN,,0
1234,2023-02-28 12:00:00,35.0,,703,Delhi,basic,IN,,0
1235,2023-02-28 18:00:00,13.0,20000.09,837,Delhi,basic,IN,,0
1236,2023-03-01 00:00:00,40.0,183754.9,382,Chennai,basic,IN,,0
1237,2023-03-01 06:00:00,44.0,50352.08,832,Mumbai,basic,IN,,0
1238,2023-03-01 12:00:00,32.0,,817,Pune,basic,IN,,0
1239,2023-03-01 18:00:00,42.0,122256.99,335,Delhi,basic,IN,,1
1240,2023-03-02 00:00:00,45.0,9993.29,776,Mumbai,basic,IN,,0
1241,2023-03-02 06:00:00,27.0,63787.87,674,Pune,basic,IN,,1
1242,2023-03-02 12:00:00,19.0,16035.59,728,Pune,basic,IN,,0
1243,2023-03-02 18:00:00,35.0,,433,Mumbai,basic,IN,,0
1244,2023-03-03 00:00:00,35.0,,683,Mumbai,basic,IN,,0
1245,2023-03-03 06:00:00,33.0,,641,,basic,IN,,0
1246,2023-03-03 12:00:00,,9545.26,330,Delhi,basic,IN,,0
1247,2023-03-03 18:00:00,60.0,,789,Mumbai,basic,IN,,0
1248,2023-03-04 00:00:00,33.0,42254.25,643,Delhi,basic,IN,,0
1249,2023-03-04 06:00:00,47.0,26819.72,552,Delhi,basic,IN,,1
1250,2023-03-04 12:00:00,50.0,59440.27,344,Delhi,basic,IN,,0
1251,2023-03-04 18:00:00,47.0,,659,Pune,basic,IN,,0
1252,2023-03-05 00:00:00,52.0,217889.94,523,Mumbai,basic,IN,,0
1253,2023-03-05 06:00:00,33.0,35070.28,667,Mumbai,basic,IN,,0
1254,2023-03-05 12:00:00,48.0,40960.89,657,Delhi,basic,IN,,0
1255,2023-03-05 18:00:00,64.0,,403,Mumbai,basic,IN,,0
1256,2023-03-06 00:00:00,48.0,10047.13,615,Mumbai,basic,IN,,0
1257,2023-03-06 06:00:00,30.0,,534,Chennai,basic,IN,,0
1258,2023-03-06 12:00:00,46.0,,761,Delhi,basic,IN,,0
1259,2023-03-06 18:00:00,54.0,40446.72,460,Delhi,basic,IN,,0
1260,2023-03-07 00:00:00,43.0,,461,Delhi,basic,IN,,0
1261,2023-03-07 06:00:00,31.0,,565,Mumbai,basic,IN,,1
1262,2023-03-07 12:00:00,58.0,8288.82,437,Mumbai,basic,IN,,0
1263,2023-03-07 18:00:00,,,719,Pune,basic,IN,,0
1264,2023-03-08 00:00:00,45.0,,759,,basic,IN,,0
1265,2023-03-08 06:00:00,38.0,82835.84,379,Chennai,basic,IN,,0
1266,2023-03-08 12:00:00,22.0,,574,Delhi,basic,IN,,0
1267,2023-03-08 18:00:00,,7168.75,604,Mumbai,basic,IN,,0
1268,2023-03-09 00:00:00,43.0,98594.73,849,Mumbai,basic,IN,,0
1269,2023-03-09 06:00:00,23.0,,577,Pune,basic,IN,,0
1270,2023-03-09 12:00:00,46.0,51655.82,440,Mumbai,basic,IN,,0
1271,2023-03-09 18:00:00,32.0,4870.09,511,Delhi,basic,IN,,0
1272,2023-03-10 00:00:00,13.0,,326,Delhi,basic,IN,,0
1273,2023-03-10 06:00:00,,11586.35,762,Delhi,basic,IN,,0
1274,2023-03-10 12:00:00,41.0,90374.12,742,Mumbai,basic,IN,,0
1275,2023-03-10 18:00:00,46.0,,492,Delhi,basic,IN,,0
1276,2023-03-11 00:00:00,40.0,99438.19,343,Mumbai,basic,IN,,0
1277,2023-03-11 06:00:00,39.0,7598.06,739,Mumbai,basic,IN,,0
1278,2023-03-11 12:00:00,44.0,9716.65,339,,basic,IN,,0
1279,2023-03-11 18:00:00,35.0,10531.58,338,Pune,basic,IN,,0
1280,2023-03-12 00:00:00,53.0,,316,,basic,IN,,1
1281,2023-03-12 06:00:00,40.0,,541,Mumbai,basic,IN,,0
1282,2023-03-12 12:00:00,,32645.81,716,Mumbai,basic,IN,,0
1283,2023-03-12 18:00:00,45.0,38533.16,359,,basic,IN,,0
1284,2023-03-13 00:00:00,24.0,51869.17,558,Mumbai,basic,IN,,0
1285,2023-03-13 06:00:00,29.0,,765,Mumbai,basic,IN,,0
1286,2023-03-13 12:00:00,58.0,,713,Delhi,basic,IN,,0
1287,2023-03-13 18:00:00,42.0,25746.36,665,Delhi,basic,IN,,0
1288,2023-03-14 00:00:00,34.0,34238.83,448,Delhi,basic,IN,,1
1289,2023-03-14 06:00:00,42.0,,416,Delhi,basic,IN,,0
1290,2023-03-14 12:00:00,32.0,,504,Mumbai,basic,IN,,0
1291,2023-03-14 18:00:00,42.0,12739.09,504,Chennai,basic,IN,,0
1292,2023-03-15 00:00:00,29.0,,526,Delhi,pro,IN,,0
1293,2023-03-15 06:00:00,42.0,34768.82,369,Delhi,basic,IN,,1
1294,2023-03-15 12:00:00,17.0,85669.52,384,Mumbai,basic,IN,,0
1295,2023-03-15 18:00:00,55.0,,786,Mumbai,basic,IN,,0
1296,2023-03-16 00:00:00,31.0,15946.97,820,Delhi,basic,IN,,0
1297,2023-03-16 06:00:00,17.0,15479.9,791,Pune,basic,IN,,0
1298,2023-03-16 12:00:00,,31361.68,421,,basic,IN,,0
1299,2023-03-16 18:00:00,33.0,14902.01,790,Pune,basic,IN,,0
1300,2023-03-17 00:00:00,40.0,43361.85,812,Pune,basic,IN,,0
1301,2023-03-17 06:00:00,23.0,37733.83,633,Pune,basic,IN,,0
1302,2023-03-17 12:00:00,43.0,,823,,basic,IN,,0
1303,2023-03-17 18:00:00,,,445,Delhi,basic,IN,,0
1304,2023-03-18 00:00:00,21.0,27992.59,499,Chennai,basic,IN,,0
1305,2023-03-18 06:00:00,42.0,31653.62,550,Pune,basic,IN,,0
1306,2023-03-18 12:00:00,,187082.16,612,,basic,IN,,0
1307,2023-03-18 18:00:00,41.0,25664.54,665,Chennai,basic,IN,,0
1308,2023-03-19 00:00:00,14.0,64886.25,668,Mumbai,basic,IN,,0
1309,2023-03-19 06:00:00,23.0,28603.16,533,Pune,basic,IN,,0
1310,2023-03-19 12:00:00,,,817,Delhi,basic,IN,,0
1311,2023-03-19 18:00:00,38.0,,331,Delhi,basic,IN,,1
1312,2023-03-20 00:00:00,59.0,,452,Delhi,basic,IN,,0
1313,2023-03-20 06:00:00,29.0,,588,Mumbai,basic,IN,,0
1314,2023-03-20 12:00:00,40.0,13831.64,800,Chennai,basic,IN,,0
1315,2023-03-20 18:00:00,76.0,16874.28,348,Delhi,basic,IN,,0
1316,2023-03-21 00:00:00,28.0,102764.02,527,Chennai,basic,IN,,1
1317,2023-03-21 06:00:00,26.0,,429,Delhi,basic,IN,,0
1318,2023-03-21 12:00:00,38.0,,829,Pune,pro,IN,,0
1319,2023-03-21 18:00:00,37.0,,749,Delhi,basic,IN,,0
1320,2023-03-22 00:00:00,49.0,69321.56,601,Pune,basic,IN,,1
1321,2023-03-22 06:00:00,40.0,13714.33,637,Pune,basic,IN,,0
1322,2023-03-22 12:00:00,28.0,31567.54,618,Chennai,basic,IN,,0
1323,2023-03-22 18:00:00,41.0,487370.23,738,Pune,basic,IN,,0
1324,2023-03-23 00:00:00,72.0,66665.07,831,Delhi,basic,IN,,0
1325,2023-03-23 06:00:00,55.0,80873.5,673,Pune,basic,IN,,0
1326,2023-03-23 12:00:00,2.0,34650.53,721,Delhi,basic,IN,,0
1327,2023-03-23 18:00:00,36.0,68820.81,661,Mumbai,basic,IN,,0
1328,2023-03-24 00:00:00,27.0,,836,Delhi,basic,IN,,0
1329,2023-03-24 06:00:00,46.0,10498.6,435,Mumbai,basic,IN,,0
1330,2023-03-24 12:00:00,36.0,42888.64,518,Pune,basic,IN,,0
1331,2023-03-24 18:00:00,63.0,,689,Delhi,basic,IN,,0
1332,2023-03-25 00:00:00,50.0,,530,Mumbai,basic,IN,,0
1333,2023-03-25 06:00:00,50.0,,369,Chennai,basic,IN,,0
1334,2023-03-25 12:00:00,40.0,17938.6,701,Mumbai,basic,IN,,0
1335,2023-03-25 18:00:00,37.0,21708.07,310,Delhi,basic,IN,,0
1336,2023-03-26 00:00:00,42.0,,345,Delhi,basic,IN,,0
1337,2023-03-26 06:00:00,55.0,5510.72,486,Mumbai,basic,IN,,0
1338,2023-03-26 12:00:00,45.0,,842,Mumbai,basic,IN,,0
1339,2023-03-26 18:00:00,33.0,,386,Pune,basic,IN,,0
1340,2023-03-27 00:00:00,,9060.26,802,Pune,basic,IN,,0
1341,2023-03-27 06:00:00,40.0,,682,Pune,basic,IN,,0
1342,2023-03-27 12:00:00,37.0,,632,Pune,basic,IN,,0
1343,2023-03-27 18:00:00,28.0,,457,Pune,basic,IN,,0
1344,2023-03-28 00:00:00,31.0,16206.01,399,Pune,basic,IN,,0
1345,2023-03-28 06:00:00,30.0,24187.32,319,Delhi,basic,IN,,0
1346,2023-03-28 12:00:00,2.0,8690.19,491,Mumbai,basic,IN,,0
1347,2023-03-28 18:00:00,51.0,,726,Mumbai,basic,IN,,0
1348,2023-03-29 00:00:00,45.0,46267.83,814,Delhi,basic,IN,,0
1349,2023-03-29 06:00:00,35.0,,814,Mumbai,basic,IN,,0
1350,2023-03-29 12:00:00,52.0,,354,Delhi,basic,IN,,0
1351,2023-03-29 18:00:00,44.0,,691,Pune,basic,IN,,0
1352,2023-03-30 00:00:00,43.0,32225.05,508,Mumbai,basic,IN,,0
1353,2023-03-30 06:00:00,6.0,31207.7,825,Delhi,basic,IN,,0
1354,2023-03-30 12:00:00,,151190.21,376,Mumbai,basic,IN,,0
1355,2023-03-30 18:00:00,45.0,16818.09,730,Mumbai,basic,IN,,0
1356,2023-03-31 00:00:00,59.0,,461,Delhi,basic,IN,,0
1357,2023-03-31 06:00:00,62.0,41480.33,811,,basic,IN,,0
1358,2023-03-31 12:00:00,57.0,,333,,basic,IN,,0
1359,2023-03-31 18:00:00,23.0,7232.3,670,Delhi,basic,IN,,0
1360,2023-04-01 00:00:00,9.0,55640.36,596,Pune,basic,IN,,1
1361,2023-04-01 06:00:00,45.0,,731,Mumbai,basic,IN,,0
1362,2023-04-01 12:00:00,38.0,,449,Chennai,basic,IN,,0
1363,2023-04-01 18:00:00,51.0,26608.2,737,,basic,IN,,0
1364,2023-04-02 00:00:00,36.0,26518.2,566,Mumbai,basic,IN,,0
1365,2023-04-02 06:00:00,41.0,,364,Pune,basic,IN,,0
1366,2023-04-02 12:00:00,19.0,35628.6,303,Mumbai,basic,IN,,0
1367,2023-04-02 18:00:00,44.0,3550.61,475,Pune,basic,IN,,0
1368,2023-04-03 00:00:00,32.0,,449,,basic,IN,,1
1369,2023-04-03 06:00:00,43.0,4961.01,639,Delhi,basic,IN,,0
1370,2023-04-03 12:00:00,,17440.48,805,Delhi,basic,IN,,1
1371,2023-04-03 18:00:00,36.0,56348.24,476,,basic,IN,,0
1372,2023-04-04 00:00:00,42.0,,705,Delhi,pro,IN,,0
1373,2023-04-04 06:00:00,38.0,,780,Pune,basic,IN,,0
1374,2023-04-04 12:00:00,48.0,44966.83,482,Mumbai,basic,IN,,0
1375,2023-04-04 18:00:00,45.0,,329,Mumbai,basic,IN,,0
1376,2023-04-05 00:00:00,31.0,,752,,basic,IN,,0
1377,2023-04-05 06:00:00,30.0,16530.97,370,Delhi,basic,IN,,0
1378,2023-04-05 12:00:00,61.0,,824,Delhi,basic,IN,,1
1379,2023-04-05 18:00:00,37.0,52813.91,480,Chennai,basic,IN,,1
1380,2023-04-06 00:00:00,51.0,,532,Delhi,basic,IN,,0
1381,2023-04-06 06:00:00,43.0,6856.36,488,Delhi,basic,IN,,0
1382,2023-04-06 12:00:00,31.0,50121.53,835,Delhi,basic,IN,,1
1383,2023-04-06 18:00:00,28.0,,757,Mumbai,basic,IN,,0
1384,2023-04-07 00:00:00,40.0,42899.24,745,Pune,pro,IN,,0
1385,2023-04-07 06:00:00,41.0,7413.04,308,,basic,IN,,0
1386,2023-04-07 12:00:00,46.0,216460.66,444,Delhi,basic,IN,,0
1387,2023-04-07 18:00:00,,3962.34,754,Delhi,basic,IN,,0
1388,2023-04-08 00:00:00,30.0,96754.14,593,Pune,basic,IN,,0
1389,2023-04-08 06:00:00,37.0,60871.16,834,Chennai,basic,IN,,0
1390,2023-04-08 12:00:00,59.0,3576.5,479,Delhi,basic,IN,,0
1391,2023-04-08 18:00:00,7.0,,327,Mumbai,basic,IN,,0
1392,2023-04-09 00:00:00,44.0,,487,Mumbai,basic,IN,,0
1393,2023-04-09 06:00:00,31.0,,823,Mumbai,basic,IN,,0
1394,2023-04-09 12:00:00,44.0,4060.77,686,Mumbai,basic,IN,,0
1395,2023-04-09 18:00:00,32.0,14199.39,663,Delhi,basic,IN,,0
1396,2023-04-10 00:00:00,43.0,6916.76,510,Chennai,basic,IN,,0
1397,2023-04-10 06:00:00,58.0,8145.46,372,Delhi,basic,IN,,0
1398,2023-04-10 12:00:00,43.0,,486,,basic,IN,,0
1399,2023-04-10 18:00:00,44.0,190377.32,757,,basic,IN,,1
1400,2023-04-11 00:00:00,43.0,29078.56,565,Chennai,basic,IN,,0
1401,2023-04-11 06:00:00,28.0,,365,Mumbai,basic,IN,,1
1402,2023-04-11 12:00:00,45.0,17366.75,704,,basic,IN,,0
1403,2023-04-11 18:00:00,35.0,,511,Delhi,basic,IN,,0
1404,2023-04-12 00:00:00,27.0,53640.28,493,Mumbai,basic,IN,,1
1405,2023-04-12 06:00:00,37.0,9125.32,431,Mumbai,basic,IN,,0
1406,2023-04-12 12:00:00,35.0,,570,Delhi,basic,IN,,0
1407,2023-04-12 18:00:00,48.0,7619.65,511,,basic,IN,,0
1408,2023-04-13 00:00:00,37.0,18481.26,392,Delhi,basic,IN,,0
1409,2023-04-13 06:00:00,31.0,,380,Mumbai,basic,IN,,0
1410,2023-04-13 12:00:00,57.0,164479.84,498,Delhi,basic,IN,,0
1411,2023-04-13 18:00:00,51.0,,508,Delhi,basic,IN,,1
1412,2023-04-14 00:00:00,55.0,34311.49,481,Chennai,basic,IN,,1
1413,2023-04-14 06:00:00,46.0,104951.18,612,Pune,basic,IN,,1
1414,2023-04-14 12:00:00,37.0,49719.24,555,Mumbai,basic,IN,,0
1415,2023-04-14 18:00:00,33.0,86534.33,555,Pune,basic,IN,,0
1416,2023-04-15 00:00:00,34.0,,464,Delhi,basic,IN,,0
1417,2023-04-15 06:00:00,50.0,33333.28,586,Pune,basic,IN,,0
1418,2023-04-15 12:00:00,39.0,,642,Chennai,basic,IN,,1
1419,2023-04-15 18:00:00,19.0,68639.79,791,Delhi,basic,IN,,0
1420,2023-04-16 00:00:00,37.0,24291.12,453,Delhi,basic,IN,,0
1421,2023-04-16 06:00:00,20.0,,768,Delhi,basic,IN,,0
1422,2023-04-16 12:00:00,,2818.35,609,Delhi,basic,IN,,0
1423,2023-04-16 18:00:00,22.0,9098.07,362,Chennai,basic,IN,,0
1424,2023-04-17 00:00:00,22.0,122583.46,326,Pune,basic,IN,,1
1425,2023-04-17 06:00:00,40.0,,704,Mumbai,basic,IN,,1
1426,2023-04-17 12:00:00,37.0,12335.73,778,Mumbai,basic,IN,,0
1427,2023-04-17 18:00:00,16.0,37970.08,737,Pune,basic,IN,,1
1428,2023-04-18 00:00:00,48.0,82788.55,322,Delhi,basic,IN,,0
1429,2023-04-18 06:00:00,66.0,,800,Delhi,basic,IN,,0
1430,2023-04-18 12:00:00,19.0,,421,Delhi,basic,IN,,0
1431,2023-04-18 18:00:00,62.0,21912.54,516,Delhi,basic,IN,,0
1432,2023-04-19 00:00:00,29.0,22126.33,588,Delhi,basic,IN,,0
1433,2023-04-19 06:00:00,32.0,,807,Pune,basic,IN,,0
1434,2023-04-19 12:00:00,36.0,85140.6,741,Delhi,basic,IN,,0
1435,2023-04-19 18:00:00,19.0,7318.27,606,Mumbai,basic,IN,,0
1436,2023-04-20 00:00:00,,16739.25,414,Pune,basic,IN,,0
1437,2023-04-20 06:00:00,44.0,,557,,basic,IN,,0
1438,2023-04-20 12:00:00,28.0,6562.2,358,Delhi,basic,IN,,0
1439,2023-04-20 18:00:00,34.0,4407.85,579,Mumbai,basic,IN,,0
1440,2023-04-21 00:00:00,18.0,46902.22,740,Mumbai,basic,IN,,1
1441,2023-04-21 06:00:00,,25129.22,526,Delhi,basic,IN,,0
1442,2023-04-21 12:00:00,50.0,,350,Delhi,basic,IN,,0
1443,2023-04-21 18:00:00,16.0,29341.4,679,Pune,basic,IN,,0
1444,2023-04-22 00:00:00,32.0,8612.42,305,Delhi,basic,IN,,0
1445,2023-04-22 06:00:00,40.0,617906.65,592,Mumbai,basic,IN,,0
1446,2023-04-22 12:00:00,52.0,,735,Mumbai,basic,IN,,1
1447,2023-04-22 18:00:00,56.0,15545.1,782,Delhi,basic,IN,,0
1448,2023-04-23 00:00:00,32.0,,405,Chennai,basic,IN,,0
1449,2023-04-23 06:00:00,28.0,15881.59,558,Chennai,basic,IN,,0
1450,2023-04-23 12:00:00,44.0,,551,Chennai,basic,IN,,0
1451,2023-04-23 18:00:00,33.0,,328,Mumbai,basic,IN,,0
1452,2023-04-24 00:00:00,34.0,48271.71,747,Mumbai,basic,IN,,0
1453,2023-04-24 06:00:00,52.0,14744.03,386,Pune,basic,IN,,0
1454,2023-04-24 12:00:00,60.0,184363.35,350,,basic,IN,,0
1455,2023-04-24 18:00:00,41.0,,527,Mumbai,basic,IN,,1
1456,2023-04-25 00:00:00,36.0,,628,Delhi,basic,IN,,0
1457,2023-04-25 06:00:00,45.0,,559,Mumbai,basic,IN,,1
1458,2023-04-25 12:00:00,13.0,16710.06,464,Mumbai,basic,IN,,0
1459,2023-04-25 18:00:00,38.0,48921.62,747,Mumbai,basic,IN,,1
1460,2023-04-26 00:00:00,24.0,29242.96,620,,basic,IN,,0
1461,2023-04-26 06:00:00,69.0,33527.41,624,Mumbai,basic,IN,,0
1462,2023-04-26 12:00:00,47.0,,332,Chennai,basic,IN,,0
1463,2023-04-26 18:00:00,40.0,9267.33,393,Mumbai,basic,IN,,1
1464,2023-04-27 00:00:00,35.0,,645,Mumbai,basic,IN,,0
1465,2023-04-27 06:00:00,5.0,,466,Chennai,basic,IN,,0
1466,2023-04-27 12:00:00,47.0,21611.24,547,Delhi,basic,IN,,0
1467,2023-04-27 18:00:00,59.0,,594,Delhi,basic,IN,,0
1468,2023-04-28 00:00:00,29.0,15057.45,748,Mumbai,pro,IN,,1
1469,2023-04-28 06:00:00,47.0,2708.94,736,Delhi,basic,IN,,1
1470,2023-04-28 12:00:00,47.0,6155.6,569,Delhi,basic,IN,,0
1471,2023-04-28 18:00:00,18.0,116358.54,689,Mumbai,basic,IN,,0
1472,2023-04-29 00:00:00,50.0,,535,Pune,basic,IN,,0
1473,2023-04-29 06:00:00,56.0,,652,,basic,IN,,0
1474,2023-04-29 12:00:00,41.0,,608,Delhi,basic,IN,,0
1475,2023-04-29 18:00:00,37.0,14022.86,440,Delhi,basic,IN,,1
1476,2023-04-30 00:00:00,48.0,,323,Pune,basic,IN,,0
1477,2023-04-30 06:00:00,18.0,19624.2,613,Chennai,basic,IN,,1
1478,2023-04-30 12:00:00,39.0,23083.73,765,Delhi,basic,IN,,0
1479,2023-04-30 18:00:00,52.0,12494.04,434,Delhi,basic,IN,,1
1480,2023-05-01 00:00:00,22.0,13299.98,662,Pune,basic,IN,,1
1481,2023-05-01 06:00:00,,,335,Pune,basic,IN,,0
1482,2023-05-01 12:00:00,33.0,35658.02,502,Chennai,basic,IN,,0
1483,2023-05-01 18:00:00,11.0,21378.19,717,Pune,basic,IN,,0
1484,2023-05-02 00:00:00,37.0,,720,,basic,IN,,0
1485,2023-05-02 06:00:00,25.0,,657,Delhi,basic,IN,,1
1486,2023-05-02 12:00:00,42.0,29819.05,482,Pune,basic,IN,,0
1487,2023-05-02 18:00:00,23.0,12134.12,843,Mumbai,basic,IN,,0
1488,2023-05-03 00:00:00,52.0,77249.56,505,Mumbai,basic,IN,,0
1489,2023-05-03 06:00:00,28.0,,710,Pune,basic,IN,,0
1490,2023-05-03 12:00:00,43.0,4207.03,580,Chennai,basic,IN,,0
1491,2023-05-03 18:00:00,30.0,8529.88,438,Mumbai,pro,IN,,0
1492,2023-05-04 00:00:00,34.0,49253.44,769,Pune,basic,IN,,0
1493,2023-05-04 06:00:00,53.0,,315,Mumbai,basic,IN,,0
1494,2023-05-04 12:00:00,41.0,103411.03,525,Chennai,basic,IN,,0
1495,2023-05-04 18:00:00,,24295.89,536,Mumbai,basic,IN,,0
1496,2023-05-05 00:00:00,22.0,,677,Mumbai,basic,IN,,0
1497,2023-05-05 06:00:00,53.0,19352.73,487,Mumbai,basic,IN,,0
1498,2023-05-05 12:00:00,48.0,177042.19,640,Mumbai,basic,IN,,0
1499,2023-05-05 18:00:00,34.0,9663.89,583,Chennai,basic,IN,,1
1500,2023-05-06 00:00:00,41.0,5891.51,486,Pune,pro,IN,,0
1501,2023-05-06 06:00:00,25.0,43715.52,505,Mumbai,basic,IN,,1
1502,2023-05-06 12:00:00,25.0,104670.61,807,Pune,basic,IN,,0
1503,2023-05-06 18:00:00,27.0,76076.79,326,Pune,basic,IN,,0
1504,2023-05-07 00:00:00,43.0,17328.01,782,Delhi,basic,IN,,0
1505,2023-05-07 06:00:00,42.0,30569.1,337,Delhi,basic,IN,,0
1506,2023-05-07 12:00:00,28.0,,626,Mumbai,basic,IN,,0
1507,2023-05-07 18:00:00,48.0,90466.24,497,Delhi,basic,IN,,0
1508,2023-05-08 00:00:00,48.0,264287.88,496,Chennai,basic,IN,,0
1509,2023-05-08 06:00:00,40.0,,624,Pune,basic,IN,,0
1510,2023-05-08 12:00:00,51.0,103823.79,845,Pune,basic,IN,,0
1511,2023-05-08 18:00:00,34.0,17032.54,396,Delhi,basic,IN,,0
1512,2023-05-09 00:00:00,37.0,,776,,basic,IN,,0
1513,2023-05-09 06:00:00,44.0,,398,Pune,basic,IN,,0
1514,2023-05-09 12:00:00,,,587,Chennai,basic,IN,,0
1515,2023-05-09 18:00:00,48.0,39259.27,427,Pune,basic,IN,,0
1516,2023-05-10 00:00:00,22.0,9272.29,768,Mumbai,basic,IN,,0
1517,2023-05-10 06:00:00,57.0,65969.47,707,Delhi,basic,IN,,0
1518,2023-05-10 12:00:00,28.0,13568.61,825,Delhi,basic,IN,,0
1519,2023-05-10 18:00:00,36.0,,720,Chennai,basic,IN,,0
1520,2023-05-11 00:00:00,,22681.75,635,Mumbai,pro,IN,,0
1521,2023-05-11 06:00:00,46.0,17230.93,567,Delhi,basic,IN,,0
1522,2023-05-11 12:00:00,55.0,28717.16,358,Delhi,basic,IN,,0
1523,2023-05-11 18:00:00,52.0,81500.52,329,Mumbai,basic,IN,,1
1524,2023-05-12 00:00:00,49.0,,783,Pune,basic,IN,,0
1525,2023-05-12 06:00:00,18.0,,817,Pune,basic,IN,,0
1526,2023-05-12 12:00:00,28.0,34591.46,825,Mumbai,basic,IN,,0
1527,2023-05-12 18:00:00,32.0,,777,Delhi,basic,IN,,0
1528,2023-05-13 00:00:00,26.0,9105.46,614,Pune,basic,IN,,1
1529,2023-05-13 06:00:00,53.0,34071.29,465,Delhi,basic,IN,,1
1530,2023-05-13 12:00:00,40.0,9458.77,336,Delhi,basic,IN,,0
1531,2023-05-13 18:00:00,38.0,,304,Mumbai,basic,IN,,0
1532,2023-05-14 00:00:00,44.0,97242.16,371,Mumbai,basic,IN,,0
1533,2023-05-14 06:00:00,26.0,2692.49,570,Delhi,basic,IN,,1
1534,2023-05-14 12:00:00,26.0,,421,Delhi,basic,IN,,0
1535,2023-05-14 18:00:00,27.0,40646.77,392,Pune,basic,IN,,0
1536,2023-05-15 00:00:00,44.0,8674.73,469,Mumbai,basic,IN,,1
1537,2023-05-15 06:00:00,42.0,44246.99,509,Mumbai,basic,IN,,0
1538,2023-05-15 12:00:00,46.0,36606.9,631,Mumbai,basic,IN,,0
1539,2023-05-15 18:00:00,52.0,16940.18,519,Delhi,basic,IN,,0
1540,2023-05-16 00:00:00,20.0,94325.69,803,,basic,IN,,0
1541,2023-05-16 06:00:00,31.0,,471,,basic,IN,,1
1542,2023-05-16 12:00:00,40.0,50447.91,461,Pune,basic,IN,,0
1543,2023-05-16 18:00:00,20.0,,802,Delhi,basic,IN,,0
1544,2023-05-17 00:00:00,31.0,7779.54,389,Pune,basic,IN,,1
1545,2023-05-17 06:00:00,51.0,20454.26,514,Chennai,pro,IN,,0
1546,2023-05-17 12:00:00,52.0,,701,Delhi,basic,IN,,0
1547,2023-05-17 18:00:00,52.0,61201.74,361,Delhi,basic,IN,,0
1548,2023-05-18 00:00:00,,4800.55,613,Pune,basic,IN,,1
1549,2023-05-18 06:00:00,35.0,20072.16,616,Pune,basic,IN,,0
1550,2023-05-18 12:00:00,52.0,,689,Mumbai,basic,IN,,0
1551,2023-05-18 18:00:00,33.0,140254.96,788,Delhi,basic,IN,,1
1552,2023-05-19 00:00:00,,7266.31,734,,basic,IN,,0
1553,2023-05-19 06:00:00,55.0,,427,Delhi,basic,IN,,0
1554,2023-05-19 12:00:00,33.0,3598.16,568,Delhi,basic,IN,,0
1555,2023-05-19 18:00:00,30.0,,579,Mumbai,basic,IN,,0
1556,2023-05-20 00:00:00,38.0,21355.08,442,Mumbai,basic,IN,,0
1557,2023-05-20 06:00:00,46.0,,507,Delhi,basic,IN,,0
1558,2023-05-20 12:00:00,44.0,11428.58,690,Mumbai,basic,IN,,0
1559,2023-05-20 18:00:00,40.0,2893.55,671,Delhi,basic,IN,,1
1560,2023-05-21 00:00:00,45.0,,560,Mumbai,basic,IN,,0
1561,2023-05-21 06:00:00,17.0,104591.49,471,Delhi,basic,IN,,0
1562,2023-05-21 12:00:00,27.0,,584,Mumbai,basic,IN,,0
1563,2023-05-21 18:00:00,40.0,9523.12,440,Pune,basic,IN,,0
1564,2023-05-22 00:00:00,26.0,66233.23,475,Delhi,basic,IN,,0
1565,2023-05-22 06:00:00,21.0,,828,Delhi,basic,IN,,0
1566,2023-05-22 12:00:00,22.0,,560,,basic,IN,,0
1567,2023-05-22 18:00:00,,6466.03,752,Mumbai,basic,IN,,0
1568,2023-05-23 00:00:00,36.0,89586.87,677,Delhi,basic,IN,,1
1569,2023-05-23 06:00:00,25.0,212292.44,686,Mumbai,basic,IN,,1
1570,2023-05-23 12:00:00,41.0,8483.19,365,Delhi,basic,IN,,0
1571,2023-05-23 18:00:00,60.0,,660,Chennai,basic,IN,,0
1572,2023-05-24 00:00:00,,71676.8,725,Chennai,basic,IN,,0
1573,2023-05-24 06:00:00,55.0,250339.46,813,Pune,basic,IN,,0
1574,2023-05-24 12:00:00,42.0,1745.91,628,Pune,basic,IN,,0
1575,2023-05-24 18:00:00,23.0,28486.54,331,Mumbai,basic,IN,,0
1576,2023-05-25 00:00:00,35.0,,814,Delhi,basic,IN,,0
1577,2023-05-25 06:00:00,25.0,4782.62,542,Pune,basic,IN,,0
1578,2023-05-25 12:00:00,48.0,38113.59,827,Mumbai,basic,IN,,0
1579,2023-05-25 18:00:00,23.0,,642,Delhi,basic,IN,,0
1580,2023-05-26 00:00:00,55.0,53854.77,505,Mumbai,basic,IN,,0
1581,2023-05-26 06:00:00,46.0,12797.94,370,Delhi,basic,IN,,0
1582,2023-05-26 12:00:00,12.0,,336,,basic,IN,,0
1583,2023-05-26 18:00:00,48.0,12470.61,847,Mumbai,basic,IN,,0
1584,2023-05-27 00:00:00,58.0,47245.76,603,Pune,basic,IN,,0
1585,2023-05-27 06:00:00,28.0,,677,Delhi,basic,IN,,1
1586,2023-05-27 12:00:00,51.0,16017.25,490,Delhi,basic,IN,,0
1587,2023-05-27 18:00:00,15.0,,717,Delhi,basic,IN,,0
1588,2023-05-28 00:00:00,41.0,,433,Delhi,basic,IN,,0
1589,2023-05-28 06:00:00,16.0,,831,Mumbai,basic,IN,,0
1590,2023-05-28 12:00:00,44.0,,379,Pune,basic,IN,,0
1591,2023-05-28 18:00:00,15.0,11663.93,617,Chennai,basic,IN,,0
1592,2023-05-29 00:00:00,4.0,,359,Delhi,basic,IN,,0
1593,2023-05-29 06:00:00,43.0,152095.86,802,Mumbai,pro,IN,,0
1594,2023-05-29 12:00:00,68.0,54945.14,696,Pune,pro,IN,,0
1595,2023-05-29 18:00:00,30.0,,505,Mumbai,basic,IN,,0
1596,2023-05-30 00:00:00,49.0,25509.39,607,Delhi,basic,IN,,0
1597,2023-05-30 06:00:00,39.0,28332.74,806,Delhi,basic,IN,,0
1598,2023-05-30 12:00:00,34.0,19474.89,440,Delhi,basic,IN,,0
1599,2023-05-30 18:00:00,46.0,,579,Delhi,basic,IN,,0
1600,2023-05-31 00:00:00,59.0,,423,Delhi,basic,IN,,0
1601,2023-05-31 06:00:00,22.0,,726,,basic,IN,,0
1602,2023-05-31 12:00:00,45.0,19579.77,559,Pune,basic,IN,,0
1603,2023-05-31 18:00:00,42.0,4313.52,449,Delhi,basic,IN,,1
1604,2023-06-01 00:00:00,19.0,12820.22,657,Pune,basic,IN,,1
1605,2023-06-01 06:00:00,59.0,,561,Mumbai,basic,IN,,1
1606,2023-06-01 12:00:00,63.0,,396,Chennai,basic,IN,,0
1607,2023-06-01 18:00:00,26.0,16265.2,605,Delhi,basic,IN,,0
1608,2023-06-02 00:00:00,61.0,,621,Delhi,basic,IN,,0
1609,2023-06-02 06:00:00,39.0,,583,Mumbai,basic,IN,,0
1610,2023-06-02 12:00:00,36.0,,687,Mumbai,basic,IN,,0
1611,2023-06-02 18:00:00,58.0,,807,Delhi,basic,IN,,0
1612,2023-06-03 00:00:00,41.0,6743.69,317,Chennai,basic,IN,,0
1613,2023-06-03 06:00:00,42.0,4766.59,551,Delhi,basic,IN,,0
1614,2023-06-03 12:00:00,58.0,,842,Mumbai,basic,IN,,0
1615,2023-06-03 18:00:00,55.0,35482.93,781,Mumbai,basic,IN,,1
1616,2023-06-04 00:00:00,50.0,113672.88,819,Mumbai,basic,IN,,0
1617,2023-06-04 06:00:00,20.0,,361,Delhi,basic,IN,,0
1618,2023-06-04 12:00:00,18.0,6901.97,473,Pune,basic,IN,,0
1619,2023-06-04 18:00:00,53.0,328491.92,415,Mumbai,basic,IN,,0
1620,2023-06-05 00:00:00,26.0,,467,Pune,basic,IN,,0
1621,2023-06-05 06:00:00,40.0,18512.27,396,Pune,pro,IN,,0
1622,2023-06-05 12:00:00,24.0,18548.42,831,,basic,IN,,0
1623,2023-06-05 18:00:00,36.0,5598.0,400,Mumbai,basic,IN,,0
1624,2023-06-06 00:00:00,,49894.15,580,Mumbai,basic,IN,,0
1625,2023-06-06 06:00:00,59.0,37422.77,622,Chennai,basic,IN,,0
1626,2023-06-06 12:00:00,25.0,142539.3,651,,basic,IN,,1
1627,2023-06-06 18:00:00,36.0,83532.51,356,Chennai,basic,IN,,0
1628,2023-06-07 00:00:00,36.0,,410,Delhi,basic,IN,,0
1629,2023-06-07 06:00:00,54.0,,670,Chennai,basic,IN,,0
1630,2023-06-07 12:00:00,20.0,18229.66,569,Pune,basic,IN,,0
1631,2023-06-07 18:00:00,38.0,,779,Mumbai,basic,IN,,0
1632,2023-06-08 00:00:00,35.0,23643.27,381,Delhi,basic,IN,,0
1633,2023-06-08 06:00:00,45.0,6347.28,807,Delhi,basic,IN,,0
1634,2023-06-08 12:00:00,44.0,21377.78,492,Chennai,basic,IN,,0
1635,2023-06-08 18:00:00,32.0,,330,Delhi,basic,IN,,0
1636,2023-06-09 00:00:00,41.0,52337.12,597,Mumbai,basic,IN,,0
1637,2023-06-09 06:00:00,,24704.43,435,Mumbai,basic,IN,,0
1638,2023-06-09 12:00:00,44.0,3079.73,304,Mumbai,basic,IN,,0
1639,2023-06-09 18:00:00,37.0,,542,Mumbai,basic,IN,,0
1640,2023-06-10 00:00:00,29.0,119577.94,389,Delhi,basic,IN,,0
1641,2023-06-10 06:00:00,38.0,3347.34,307,Chennai,basic,IN,,0
1642,2023-06-10 12:00:00,43.0,,473,Mumbai,basic,IN,,0
1643,2023-06-10 18:00:00,67.0,25731.47,670,Delhi,basic,IN,,0
1644,2023-06-11 00:00:00,32.0,,391,Delhi,basic,IN,,0
1645,2023-06-11 06:00:00,42.0,13827.04,550,Chennai,basic,IN,,0
1646,2023-06-11 12:00:00,57.0,26932.2,645,Pune,basic,IN,,0
1647,2023-06-11 18:00:00,11.0,5937.8,534,Chennai,basic,IN,,0
1648,2023-06-12 00:00:00,15.0,35068.82,430,Mumbai,basic,IN,,0
1649,2023-06-12 06:00:00,23.0,39839.06,385,Delhi,basic,IN,,0
1650,2023-06-12 12:00:00,37.0,6299.68,577,Delhi,basic,IN,,0
1651,2023-06-12 18:00:00,70.0,,337,Mumbai,basic,IN,,0
1652,2023-06-13 00:00:00,43.0,83551.46,813,Delhi,basic,IN,,0
1653,2023-06-13 06:00:00,54.0,21015.3,786,Delhi,basic,IN,,0
1654,2023-06-13 12:00:00,35.0,41219.96,679,Delhi,basic,IN,,0
1655,2023-06-13 18:00:00,6.0,51842.6,629,Delhi,basic,IN,,0
1656,2023-06-14 00:00:00,8.0,,376,Delhi,basic,IN,,0
1657,2023-06-14 06:00:00,51.0,75457.33,490,Delhi,basic,IN,,0
1658,2023-06-14 12:00:00,40.0,,377,Mumbai,basic,IN,,0
1659,2023-06-14 18:00:00,21.0,8622.85,784,,basic,IN,,0
1660,2023-06-15 00:00:00,53.0,,398,,basic,IN,,0
1661,2023-06-15 06:00:00,18.0,66572.31,364,Delhi,basic,IN,,0
1662,2023-06-15 12:00:00,53.0,,471,Mumbai,basic,IN,,0
1663,2023-06-15 18:00:00,57.0,12690.75,518,Delhi,basic,IN,,0
1664,2023-06-16 00:00:00,28.0,42779.36,495,Pune,basic,IN,,0
1665,2023-06-16 06:00:00,24.0,116916.01,340,Mumbai,basic,IN,,1
1666,2023-06-16 12:00:00,49.0,33334.77,489,Mumbai,basic,IN,,0
1667,2023-06-16 18:00:00,24.0,95293.52,736,Delhi,basic,IN,,0
1668,2023-06-17 00:00:00,49.0,108418.62,580,Mumbai,basic,IN,,0
1669,2023-06-17 06:00:00,22.0,,785,Delhi,basic,IN,,1
1670,2023-06-17 12:00:00,48.0,53738.42,677,Pune,basic,IN,,1
1671,2023-06-17 18:00:00,39.0,,456,Pune,basic,IN,,0
1672,2023-06-18 00:00:00,32.0,,383,Delhi,basic,IN,,1
1673,2023-06-18 06:00:00,26.0,23582.98,750,,pro,IN,,0
1674,2023-06-18 12:00:00,41.0,14243.23,705,Delhi,basic,IN,,0
1675,2023-06-18 18:00:00,13.0,25374.03,823,Chennai,basic,IN,,0
1676,2023-06-19 00:00:00,34.0,24113.69,761,,basic,IN,,0
1677,2023-06-19 06:00:00,33.0,39790.93,426,Mumbai,basic,IN,,0
1678,2023-06-19 12:00:00,47.0,43634.63,568,Chennai,basic,IN,,0
1679,2023-06-19 18:00:00,,,831,Mumbai,basic,IN,,0
1680,2023-06-20 00:00:00,60.0,12790.41,830,Delhi,basic,IN,,0
1681,2023-06-20 06:00:00,34.0,38936.69,484,Pune,basic,IN,,0
1682,2023-06-20 12:00:00,23.0,44525.32,476,Mumbai,basic,IN,,0
1683,2023-06-20 18:00:00,56.0,28853.2,689,Delhi,basic,IN,,0
1684,2023-06-21 00:00:00,60.0,476373.12,656,Pune,basic,IN,,0
1685,2023-06-21 06:00:00,36.0,,595,Delhi,basic,IN,,0
1686,2023-06-21 12:00:00,,24251.26,367,,basic,IN,,1
1687,2023-06-21 18:00:00,38.0,58863.83,492,Delhi,pro,IN,,1
1688,2023-06-22 00:00:00,29.0,115271.43,514,Delhi,basic,IN,,0
1689,2023-06-22 06:00:00,,,630,Chennai,basic,IN,,0
1690,2023-06-22 12:00:00,58.0,,765,Chennai,basic,IN,,0
1691,2023-06-22 18:00:00,43.0,,300,Mumbai,basic,IN,,0
1692,2023-06-23 00:00:00,40.0,,849,Mumbai,basic,IN,,0
1693,2023-06-23 06:00:00,42.0,278519.09,575,,basic,IN,,0
1694,2023-06-23 12:00:00,37.0,,603,Delhi,basic,IN,,0
1695,2023-06-23 18:00:00,49.0,146570.03,574,Delhi,basic,IN,,0
1696,2023-06-24 00:00:00,49.0,22563.61,543,Delhi,pro,IN,,0
1697,2023-06-24 06:00:00,33.0,,648,Pune,basic,IN,,0
1698,2023-06-24 12:00:00,39.0,19486.04,525,Pune,basic,IN,,1
1699,2023-06-24 18:00:00,69.0,,720,Delhi,basic,IN,,0
1700,2023-06-25 00:00:00,43.0,93560.04,352,Pune,basic,IN,,0
1701,2023-06-25 06:00:00,36.0,,784,Delhi,basic,IN,,0
1702,2023-06-25 12:00:00,65.0,,473,Mumbai,basic,IN,,0
1703,2023-06-25 18:00:00,38.0,24739.21,741,Mumbai,basic,IN,,0
1704,2023-06-26 00:00:00,24.0,17245.01,586,Mumbai,basic,IN,,0
1705,2023-06-26 06:00:00,47.0,,779,Mumbai,basic,IN,,0
1706,2023-06-26 12:00:00,26.0,,349,Mumbai,basic,IN,,0
1707,2023-06-26 18:00:00,32.0,23778.66,506,Pune,basic,IN,,0
1708,2023-06-27 00:00:00,42.0,,417,Delhi,basic,IN,,0
1709,2023-06-27 06:00:00,36.0,7505.6,358,Chennai,basic,IN,,0
1710,2023-06-27 12:00:00,28.0,,337,Mumbai,basic,IN,,1
1711,2023-06-27 18:00:00,31.0,,657,Pune,basic,IN,,1
1712,2023-06-28 00:00:00,30.0,,579,Mumbai,basic,IN,,0
1713,2023-06-28 06:00:00,53.0,86295.18,324,Mumbai,basic,IN,,0
1714,2023-06-28 12:00:00,29.0,117011.24,475,Mumbai,basic,IN,,1
1715,2023-06-28 18:00:00,31.0,,825,Mumbai,basic,IN,,0
1716,2023-06-29 00:00:00,64.0,12269.01,687,Mumbai,basic,IN,,0
1717,2023-06-29 06:00:00,31.0,31203.44,565,Mumbai,basic,IN,,0
1718,2023-06-29 12:00:00,57.0,1468.4,588,Mumbai,basic,IN,,0
1719,2023-06-29 18:00:00,55.0,14034.52,441,Chennai,basic,IN,,0
1720,2023-06-30 00:00:00,36.0,53565.13,371,Delhi,basic,IN,,1
1721,2023-06-30 06:00:00,20.0,4957.55,317,Pune,basic,IN,,0
1722,2023-06-30 12:00:00,44.0,2850.63,477,Mumbai,basic,IN,,0
1723,2023-06-30 18:00:00,47.0,6595.38,763,Chennai,basic,IN,,1
1724,2023-07-01 00:00:00,51.0,35069.56,467,Chennai,basic,IN,,0
1725,2023-07-01 06:00:00,39.0,,758,Delhi,basic,IN,,0
1726,2023-07-01 12:00:00,54.0,476191.05,837,,basic,IN,,0
1727,2023-07-01 18:00:00,56.0,133762.8,373,Chennai,basic,IN,,0
1728,2023-07-02 00:00:00,24.0,,528,Pune,basic,IN,,0
1729,2023-07-02 06:00:00,57.0,2166.79,724,Delhi,basic,IN,,1
1730,2023-07-02 12:00:00,40.0,32875.63,449,Chennai,basic,IN,,0
1731,2023-07-02 18:00:00,,,348,Mumbai,basic,IN,,1
1732,2023-07-03 00:00:00,34.0,4720.83,495,Delhi,basic,IN,,0
1733,2023-07-03 06:00:00,62.0,15789.87,682,Pune,basic,IN,,1
1734,2023-07-03 12:00:00,51.0,17143.75,324,Delhi,basic,IN,,0
1735,2023-07-03 18:00:00,15.0,29267.88,593,Pune,basic,IN,,0
1736,2023-07-04 00:00:00,39.0,23190.31,782,Delhi,basic,IN,,0
1737,2023-07-04 06:00:00,36.0,,652,Delhi,basic,IN,,1
1738,2023-07-04 12:00:00,36.0,90907.48,794,Delhi,basic,IN,,0
1739,2023-07-04 18:00:00,31.0,30803.46,375,Mumbai,basic,IN,,0
1740,2023-07-05 00:00:00,19.0,65122.44,673,Mumbai,basic,IN,,1
1741,2023-07-05 06:00:00,49.0,,736,Pune,basic,IN,,0
1742,2023-07-05 12:00:00,26.0,9305.07,381,Mumbai,basic,IN,,0
1743,2023-07-05 18:00:00,33.0,,732,Delhi,basic,IN,,0
1744,2023-07-06 00:00:00,30.0,,787,Delhi,basic,IN,,0
1745,2023-07-06 06:00:00,29.0,,762,Mumbai,basic,IN,,1
1746,2023-07-06 12:00:00,48.0,,824,Pune,basic,IN,,0
1747,2023-07-06 18:00:00,43.0,,521,,basic,IN,,0
1748,2023-07-07 00:00:00,29.0,20632.85,383,,basic,IN,,0
1749,2023-07-07 06:00:00,26.0,79462.29,442,Delhi,basic,IN,,0
1750,2023-07-07 12:00:00,32.0,,763,Delhi,basic,IN,,0
1751,2023-07-07 18:00:00,51.0,61164.17,602,Mumbai,basic,IN,,0
1752,2023-07-08 00:00:00,40.0,45081.31,841,Mumbai,basic,IN,,0
1753,2023-07-08 06:00:00,41.0,,684,Delhi,basic,IN,,0
1754,2023-07-08 12:00:00,34.0,,319,Delhi,basic,IN,,0
1755,2023-07-08 18:00:00,35.0,95106.1,718,Chennai,basic,IN,,0
1756,2023-07-09 00:00:00,41.0,,321,,basic,IN,,0
1757,2023-07-09 06:00:00,14.0,78193.53,546,Mumbai,basic,IN,,0
1758,2023-07-09 12:00:00,59.0,4566.82,682,Pune,basic,IN,,0
1759,2023-07-09 18:00:00,28.0,88102.01,634,Pune,basic,IN,,0
1760,2023-07-10 00:00:00,31.0,612683.69,511,Pune,basic,IN,,0
1761,2023-07-10 06:00:00,55.0,53493.9,655,Mumbai,basic,IN,,0
1762,2023-07-10 12:00:00,41.0,,698,,basic,IN,,0
1763,2023-07-10 18:00:00,39.0,32177.68,625,Delhi,basic,IN,,1
1764,2023-07-11 00:00:00,30.0,,483,Delhi,basic,IN,,1
1765,2023-07-11 06:00:00,18.0,,694,Pune,basic,IN,,0
1766,2023-07-11 12:00:00,40.0,,714,Delhi,basic,IN,,0
1767,2023-07-11 18:00:00,54.0,22525.31,470,Chennai,basic,IN,,0
1768,2023-07-12 00:00:00,26.0,19094.65,728,Chennai,basic,IN,,0
1769,2023-07-12 06:00:00,56.0,,429,Pune,basic,IN,,0
1770,2023-07-12 12:00:00,,28642.09,833,Chennai,basic,IN,,0
1771,2023-07-12 18:00:00,28.0,4542.47,458,Pune,basic,IN,,0
1772,2023-07-13 00:00:00,45.0,301467.06,635,Delhi,basic,IN,,0
1773,2023-07-13 06:00:00,38.0,35871.36,735,Delhi,basic,IN,,0
1774,2023-07-13 12:00:00,47.0,,377,Delhi,basic,IN,,0
1775,2023-07-13 18:00:00,28.0,100815.1,832,Mumbai,basic,IN,,0
1776,2023-07-14 00:00:00,25.0,29879.42,496,Pune,basic,IN,,0
1777,2023-07-14 06:00:00,14.0,38624.87,474,Pune,basic,IN,,1
1778,2023-07-14 12:00:00,22.0,67160.29,624,Pune,basic,IN,,0
1779,2023-07-14 18:00:00,24.0,11529.4,659,Delhi,basic,IN,,1
1780,2023-07-15 00:00:00,,,793,,basic,IN,,0
1781,2023-07-15 06:00:00,42.0,27659.99,619,Mumbai,basic,IN,,0
1782,2023-07-15 12:00:00,29.0,40297.49,549,Delhi,basic,IN,,0
1783,2023-07-15 18:00:00,12.0,93039.98,784,,basic,IN,,0
1784,2023-07-16 00:00:00,70.0,13429.87,332,Pune,basic,IN,,0
1785,2023-07-16 06:00:00,27.0,23027.3,308,Pune,basic,IN,,0
1786,2023-07-16 12:00:00,22.0,47912.0,534,Mumbai,basic,IN,,0
1787,2023-07-16 18:00:00,54.0,,642,Delhi,basic,IN,,0
1788,2023-07-17 00:00:00,53.0,23470.22,675,Mumbai,basic,IN,,0
1789,2023-07-17 06:00:00,23.0,,778,Pune,basic,IN,,0
1790,2023-07-17 12:00:00,19.0,,438,Pune,basic,IN,,0
1791,2023-07-17 18:00:00,,,830,Delhi,basic,IN,,0
1792,2023-07-18 00:00:00,53.0,11192.89,588,Mumbai,basic,IN,,0
1793,2023-07-18 06:00:00,34.0,32114.87,529,Pune,basic,IN,,1
1794,2023-07-18 12:00:00,27.0,21474.33,668,Chennai,basic,IN,,0
1795,2023-07-18 18:00:00,38.0,14157.44,564,Delhi,basic,IN,,0
1796,2023-07-19 00:00:00,54.0,,787,Mumbai,basic,IN,,0
1797,2023-07-19 06:00:00,20.0,93746.62,761,Delhi,basic,IN,,0
1798,2023-07-19 12:00:00,33.0,,831,Delhi,basic,IN,,0
1799,2023-07-19 18:00:00,20.0,,814,Mumbai,basic,IN,,0
1800,2023-07-20 00:00:00,66.0,18805.76,771,Delhi,basic,IN,,0
1801,2023-07-20 06:00:00,62.0,,429,Mumbai,basic,IN,,0
1802,2023-07-20 12:00:00,50.0,,697,Chennai,basic,IN,,0
1803,2023-07-20 18:00:00,36.0,32446.96,788,Delhi,basic,IN,,0
1804,2023-07-21 00:00:00,47.0,,379,Delhi,basic,IN,,1
1805,2023-07-21 06:00:00,11.0,57084.33,365,Delhi,basic,IN,,0
1806,2023-07-21 12:00:00,42.0,8630.9,737,Mumbai,basic,IN,,0
1807,2023-07-21 18:00:00,21.0,,328,Mumbai,basic,IN,,0
1808,2023-07-22 00:00:00,21.0,189913.42,737,Mumbai,basic,IN,,0
1809,2023-07-22 06:00:00,29.0,,318,Mumbai,basic,IN,,0
1810,2023-07-22 12:00:00,33.0,4969.17,803,Mumbai,basic,IN,,0
1811,2023-07-22 18:00:00,45.0,,341,Mumbai,basic,IN,,1
1812,2023-07-23 00:00:00,47.0,,324,Delhi,basic,IN,,0
1813,2023-07-23 06:00:00,41.0,,352,Delhi,basic,IN,,0
1814,2023-07-23 12:00:00,,30104.24,741,Delhi,basic,IN,,0
1815,2023-07-23 18:00:00,47.0,,429,Pune,basic,IN,,0
1816,2023-07-24 00:00:00,36.0,38586.22,743,Delhi,basic,IN,,0
1817,2023-07-24 06:00:00,53.0,50454.94,458,Pune,basic,IN,,1
1818,2023-07-24 12:00:00,26.0,,710,Delhi,basic,IN,,0
1819,2023-07-24 18:00:00,2.0,19787.36,833,Pune,basic,IN,,0
1820,2023-07-25 00:00:00,32.0,41380.45,418,Chennai,basic,IN,,0
1821,2023-07-25 06:00:00,66.0,,741,Delhi,basic,IN,,0
1822,2023-07-25 12:00:00,44.0,,429,Mumbai,basic,IN,,0
1823,2023-07-25 18:00:00,35.0,61213.7,356,Delhi,pro,IN,,0
1824,2023-07-26 00:00:00,49.0,12032.54,651,Mumbai,pro,IN,,0
1825,2023-07-26 06:00:00,45.0,,406,Chennai,basic,IN,,0
1826,2023-07-26 12:00:00,44.0,12399.2,349,Pune,basic,IN,,0
1827,2023-07-26 18:00:00,31.0,26793.04,681,Delhi,basic,IN,,0
1828,2023-07-27 00:00:00,39.0,,477,,basic,IN,,0
1829,2023-07-27 06:00:00,41.0,98127.65,630,Pune,basic,IN,,0
1830,2023-07-27 12:00:00,30.0,32068.55,742,Chennai,basic,IN,,0
1831,2023-07-27 18:00:00,23.0,31919.01,545,Chennai,basic,IN,,0
1832,2023-07-28 00:00:00,40.0,179287.54,750,Chennai,basic,IN,,0
1833,2023-07-28 06:00:00,51.0,1206.75,534,Pune,basic,IN,,0
1834,2023-07-28 12:00:00,46.0,8499.56,758,Delhi,basic,IN,,1
1835,2023-07-28 18:00:00,44.0,,710,Pune,pro,IN,,0
1836,2023-07-29 00:00:00,45.0,28560.05,710,Pune,basic,IN,,0
1837,2023-07-29 06:00:00,72.0,46481.62,570,Mumbai,basic,IN,,0
1838,2023-07-29 12:00:00,41.0,,739,Chennai,basic,IN,,0
1839,2023-07-29 18:00:00,52.0,,695,Delhi,basic,IN,,1
1840,2023-07-30 00:00:00,63.0,10916.14,309,Mumbai,basic,IN,,0
1841,2023-07-30 06:00:00,39.0,195493.76,306,Chennai,pro,IN,,0
1842,2023-07-30 12:00:00,41.0,39672.25,702,Mumbai,basic,IN,,1
1843,2023-07-30 18:00:00,52.0,,355,Mumbai,basic,IN,,0
1844,2023-07-31 00:00:00,60.0,8229.12,647,Delhi,basic,IN,,0
1845,2023-07-31 06:00:00,42.0,44768.39,402,Delhi,basic,IN,,0
1846,2023-07-31 12:00:00,43.0,,833,Delhi,basic,IN,,0
1847,2023-07-31 18:00:00,39.0,17121.09,625,,pro,IN,,0
1848,2023-08-01 00:00:00,22.0,35201.41,432,Mumbai,basic,IN,,0
1849,2023-08-01 06:00:00,53.0,,619,Delhi,basic,IN,,0
1850,2023-08-01 12:00:00,35.0,11327.64,458,Chennai,basic,IN,,0
1851,2023-08-01 18:00:00,16.0,,777,Mumbai,basic,IN,,0
1852,2023-08-02 00:00:00,36.0,9254.39,778,Delhi,basic,IN,,0
1853,2023-08-02 06:00:00,16.0,8146.05,787,Pune,basic,IN,,0
1854,2023-08-02 12:00:00,25.0,38996.61,727,Delhi,basic,IN,,0
1855,2023-08-02 18:00:00,38.0,31933.1,744,Mumbai,basic,IN,,0
1856,2023-08-03 00:00:00,26.0,29940.24,608,Mumbai,basic,IN,,0
1857,2023-08-03 06:00:00,52.0,17607.51,482,Delhi,basic,IN,,0
1858,2023-08-03 12:00:00,19.0,28979.76,346,Pune,basic,IN,,0
1859,2023-08-03 18:00:00,41.0,14873.99,332,Delhi,basic,IN,,1
1860,2023-08-04 00:00:00,45.0,4502.27,661,Delhi,basic,IN,,0
1861,2023-08-04 06:00:00,57.0,61945.49,786,Pune,basic,IN,,0
1862,2023-08-04 12:00:00,50.0,,649,Mumbai,basic,IN,,0
1863,2023-08-04 18:00:00,41.0,21419.26,811,Pune,basic,IN,,1
1864,2023-08-05 00:00:00,39.0,61539.58,375,Mumbai,basic,IN,,0
1865,2023-08-05 06:00:00,37.0,28260.83,313,Mumbai,basic,IN,,1
1866,2023-08-05 12:00:00,53.0,561662.14,779,Mumbai,pro,IN,,0
1867,2023-08-05 18:00:00,30.0,5897.0,302,Delhi,basic,IN,,0
1868,2023-08-06 00:00:00,45.0,,821,Delhi,basic,IN,,0
1869,2023-08-06 06:00:00,37.0,30256.35,397,,basic,IN,,0
1870,2023-08-06 12:00:00,41.0,122013.21,442,Pune,basic,IN,,1
1871,2023-08-06 18:00:00,35.0,20859.04,498,Delhi,basic,IN,,1
1872,2023-08-07 00:00:00,66.0,,641,Pune,basic,IN,,0
1873,2023-08-07 06:00:00,30.0,,688,,basic,IN,,0
1874,2023-08-07 12:00:00,41.0,9928.59,523,Chennai,basic,IN,,0
1875,2023-08-07 18:00:00,42.0,21987.26,550,Pune,basic,IN,,0
1876,2023-08-08 00:00:00,46.0,,776,Mumbai,basic,IN,,0
1877,2023-08-08 06:00:00,,13076.76,663,Mumbai,basic,IN,,1
1878,2023-08-08 12:00:00,,16602.68,747,Delhi,basic,IN,,0
1879,2023-08-08 18:00:00,51.0,46634.42,747,Mumbai,basic,IN,,0
1880,2023-08-09 00:00:00,19.0,21781.69,425,Chennai,basic,IN,,0
1881,2023-08-09 06:00:00,38.0,,397,Mumbai,basic,IN,,0
1882,2023-08-09 12:00:00,22.0,9609.07,643,Delhi,basic,IN,,1
1883,2023-08-09 18:00:00,,,470,Mumbai,basic,IN,,1
1884,2023-08-10 00:00:00,23.0,8178.3,582,Chennai,basic,IN,,0
1885,2023-08-10 06:00:00,26.0,,833,Chennai,basic,IN,,0
1886,2023-08-10 12:00:00,37.0,187234.82,726,,basic,IN,,0
1887,2023-08-10 18:00:00,56.0,44709.48,597,,basic,IN,,0
1888,2023-08-11 00:00:00,46.0,74302.36,652,Delhi,pro,IN,,0
1889,2023-08-11 06:00:00,42.0,,571,Mumbai,basic,IN,,0
1890,2023-08-11 12:00:00,56.0,,701,Mumbai,basic,IN,,0
1891,2023-08-11 18:00:00,26.0,,603,Pune,basic,IN,,0
1892,2023-08-12 00:00:00,11.0,5670.34,405,Delhi,basic,IN,,0
1893,2023-08-12 06:00:00,33.0,,601,Mumbai,basic,IN,,0
1894,2023-08-12 12:00:00,35.0,,592,Mumbai,basic,IN,,0
1895,2023-08-12 18:00:00,54.0,,698,Mumbai,basic,IN,,1
1896,2023-08-13 00:00:00,66.0,,729,Mumbai,basic,IN,,0
1897,2023-08-13 06:00:00,21.0,80593.55,778,Delhi,basic,IN,,1
1898,2023-08-13 12:00:00,70.0,,814,Delhi,basic,IN,,0
1899,2023-08-13 18:00:00,59.0,41622.19,643,Pune,basic,IN,,0
1900,2023-08-14 00:00:00,49.0,9941.57,758,Delhi,basic,IN,,0
1901,2023-08-14 06:00:00,43.0,,647,Delhi,basic,IN,,0
1902,2023-08-14 12:00:00,70.0,,395,Chennai,basic,IN,,0
1903,2023-08-14 18:00:00,39.0,19933.75,618,Mumbai,basic,IN,,0
1904,2023-08-15 00:00:00,32.0,36248.92,528,Delhi,basic,IN,,0
1905,2023-08-15 06:00:00,40.0,31550.39,431,Delhi,basic,IN,,0
1906,2023-08-15 12:00:00,20.0,7895.53,309,Mumbai,basic,IN,,0
1907,2023-08-15 18:00:00,44.0,144516.41,720,Delhi,basic,IN,,0
1908,2023-08-16 00:00:00,37.0,,404,Mumbai,basic,IN,,0
1909,2023-08-16 06:00:00,42.0,34572.7,408,Delhi,basic,IN,,0
1910,2023-08-16 12:00:00,43.0,,314,Mumbai,basic,IN,,0
1911,2023-08-16 18:00:00,24.0,4558.73,441,Delhi,basic,IN,,0
1912,2023-08-17 00:00:00,55.0,,682,Delhi,basic,IN,,0
1913,2023-08-17 06:00:00,25.0,,486,,basic,IN,,0
1914,2023-08-17 12:00:00,50.0,,456,Pune,basic,IN,,0
1915,2023-08-17 18:00:00,17.0,10871.86,588,Mumbai,basic,IN,,0
1916,2023-08-18 00:00:00,43.0,44331.5,643,Delhi,basic,IN,,0
1917,2023-08-18 06:00:00,28.0,,749,Pune,basic,IN,,0
1918,2023-08-18 12:00:00,39.0,,388,Mumbai,basic,IN,,0
1919,2023-08-18 18:00:00,30.0,180027.85,496,Mumbai,basic,IN,,0
1920,2023-08-19 00:00:00,10.0,,330,,basic,IN,,1
1921,2023-08-19 06:00:00,,63022.19,631,Mumbai,basic,IN,,0
1922,2023-08-19 12:00:00,39.0,124783.87,729,,basic,IN,,0
1923,2023-08-19 18:00:00,46.0,13063.35,539,Mumbai,basic,IN,,0
1924,2023-08-20 00:00:00,19.0,15242.36,510,,basic,IN,,0
1925,2023-08-20 06:00:00,11.0,,545,,basic,IN,,0
1926,2023-08-20 12:00:00,27.0,47893.38,440,Mumbai,basic,IN,,0
1927,2023-08-20 18:00:00,35.0,142313.54,831,Mumbai,basic,IN,,0
1928,2023-08-21 00:00:00,30.0,,839,Chennai,basic,IN,,0
1929,2023-08-21 06:00:00,28.0,32842.38,656,Chennai,basic,IN,,0
1930,2023-08-21 12:00:00,49.0,34467.73,356,Delhi,basic,IN,,0
1931,2023-08-21 18:00:00,,20038.41,309,Mumbai,basic,IN,,0
1932,2023-08-22 00:00:00,48.0,18182.3,409,Delhi,basic,IN,,0
1933,2023-08-22 06:00:00,,16544.38,775,Chennai,basic,IN,,0
1934,2023-08-22 12:00:00,39.0,73592.19,734,Delhi,basic,IN,,1
1935,2023-08-22 18:00:00,36.0,,575,Delhi,basic,IN,,0
1936,2023-08-23 00:00:00,20.0,18469.71,555,Delhi,basic,IN,,1
1937,2023-08-23 06:00:00,50.0,,829,Pune,basic,IN,,0
1938,2023-08-23 12:00:00,39.0,,384,Delhi,basic,IN,,1
1939,2023-08-23 18:00:00,32.0,21308.71,368,Mumbai,basic,IN,,1
1940,2023-08-24 00:00:00,57.0,,700,Chennai,basic,IN,,0
1941,2023-08-24 06:00:00,48.0,41505.54,827,Mumbai,basic,IN,,0
1942,2023-08-24 12:00:00,49.0,19705.47,520,Chennai,basic,IN,,0
1943,2023-08-24 18:00:00,54.0,34139.37,660,Chennai,basic,IN,,1
1944,2023-08-25 00:00:00,48.0,41575.59,326,Mumbai,basic,IN,,0
1945,2023-08-25 06:00:00,22.0,3614.01,641,Delhi,basic,IN,,0
1946,2023-08-25 12:00:00,33.0,,750,,basic,IN,,0
1947,2023-08-25 18:00:00,51.0,,573,Mumbai,pro,IN,,0
1948,2023-08-26 00:00:00,28.0,34639.76,480,Mumbai,basic,IN,,0
1949,2023-08-26 06:00:00,39.0,4035.95,831,Delhi,basic,IN,,0
1950,2023-08-26 12:00:00,43.0,57600.64,720,Mumbai,pro,IN,,0
1951,2023-08-26 18:00:00,57.0,,760,Delhi,basic,IN,,0
1952,2023-08-27 00:00:00,55.0,,725,Mumbai,pro,IN,,0
1953,2023-08-27 06:00:00,50.0,,588,Mumbai,pro,IN,,0
1954,2023-08-27 12:00:00,36.0,123993.99,516,Delhi,basic,IN,,1
1955,2023-08-27 18:00:00,50.0,21123.07,506,Delhi,basic,IN,,0
1956,2023-08-28 00:00:00,45.0,,382,Pune,basic,IN,,1
1957,2023-08-28 06:00:00,36.0,,513,Chennai,basic,IN,,0
1958,2023-08-28 12:00:00,56.0,41788.96,687,Delhi,basic,IN,,1
1959,2023-08-28 18:00:00,45.0,25801.83,562,Mumbai,basic,IN,,0
1960,2023-08-29 00:00:00,28.0,395488.75,776,Delhi,basic,IN,,1
1961,2023-08-29 06:00:00,55.0,37605.72,398,Delhi,basic,IN,,0
1962,2023-08-29 12:00:00,35.0,,519,,basic,IN,,0
1963,2023-08-29 18:00:00,46.0,42385.9,428,Delhi,basic,IN,,1
1964,2023-08-30 00:00:00,18.0,20336.89,326,Mumbai,basic,IN,,0
1965,2023-08-30 06:00:00,38.0,40013.58,663,Chennai,basic,IN,,0
1966,2023-08-30 12:00:00,26.0,37225.61,609,Pune,basic,IN,,0
1967,2023-08-30 18:00:00,26.0,15330.75,724,Delhi,basic,IN,,0
1968,2023-08-31 00:00:00,13.0,,788,Pune,basic,IN,,0
1969,2023-08-31 06:00:00,66.0,44217.26,798,Pune,basic,IN,,0
1970,2023-08-31 12:00:00,,,344,Pune,basic,IN,,0
1971,2023-08-31 18:00:00,,59463.22,387,Mumbai,basic,IN,,0
1972,2023-09-01 00:00:00,53.0,74171.34,502,Pune,basic,IN,,0
1973,2023-09-01 06:00:00,37.0,41065.86,469,Mumbai,basic,IN,,1
1974,2023-09-01 12:00:00,45.0,55047.51,414,Mumbai,basic,IN,,0
1975,2023-09-01 18:00:00,20.0,,401,Delhi,basic,IN,,0
1976,2023-09-02 00:00:00,41.0,23414.17,497,,basic,IN,,0
1977,2023-09-02 06:00:00,33.0,97097.64,644,Delhi,basic,IN,,0
1978,2023-09-02 12:00:00,45.0,,826,Delhi,basic,IN,,0
1979,2023-09-02 18:00:00,40.0,46308.84,466,Delhi,basic,IN,,1
1980,2023-09-03 00:00:00,20.0,,817,Delhi,basic,IN,,0
1981,2023-09-03 06:00:00,14.0,,476,Mumbai,basic,IN,,1
1982,2023-09-03 12:00:00,25.0,,360,,basic,IN,,0
1983,2023-09-03 18:00:00,,4389.47,337,,basic,IN,,0
1984,2023-09-04 00:00:00,44.0,44870.99,598,Delhi,pro,IN,,0
1985,2023-09-04 06:00:00,43.0,,725,Delhi,basic,IN,,0
1986,2023-09-04 12:00:00,12.0,,621,Mumbai,basic,IN,,0
1987,2023-09-04 18:00:00,3.0,,812,,basic,IN,,0
1988,2023-09-05 00:00:00,30.0,7035.32,739,Delhi,basic,IN,,1
1989,2023-09-05 06:00:00,34.0,6017.04,375,Pune,pro,IN,,0
1990,2023-09-05 12:00:00,30.0,,633,Pune,basic,IN,,0
1991,2023-09-05 18:00:00,43.0,18858.08,569,Chennai,basic,IN,,0
1992,2023-09-06 00:00:00,36.0,29061.18,628,Delhi,basic,IN,,0
1993,2023-09-06 06:00:00,23.0,,731,,basic,IN,,0
1994,2023-09-06 12:00:00,27.0,45057.28,833,,basic,IN,,1
1995,2023-09-06 18:00:00,40.0,51562.52,778,Mumbai,basic,IN,,0
1996,2023-09-07 00:00:00,39.0,32704.23,774,,basic,IN,,0
1997,2023-09-07 06:00:00,37.0,4870.11,493,Pune,basic,IN,,0
1998,2023-09-07 12:00:00,68.0,,756,Delhi,basic,IN,,0
1999,2023-09-07 18:00:00,35.0,1384.13,332,Mumbai,basic,IN,,0
2000,2023-09-08 00:00:00,40.0,,612,Delhi,basic,IN,,0
2001,2023-09-08 06:00:00,25.0,14586.11,721,Chennai,basic,IN,,0
2002,2023-09-08 12:00:00,33.0,,456,Delhi,basic,IN,,0
2003,2023-09-08 18:00:00,45.0,,690,Chennai,basic,IN,,0
2004,2023-09-09 00:00:00,45.0,18784.28,847,Delhi,basic,IN,,0
2005,2023-09-09 06:00:00,36.0,27514.38,517,Chennai,pro,IN,,0
2006,2023-09-09 12:00:00,,,779,Pune,basic,IN,,0
2007,2023-09-09 18:00:00,39.0,8407.46,840,Pune,basic,IN,,0
2008,2023-09-10 00:00:00,,,815,Delhi,basic,IN,,0
2009,2023-09-10 06:00:00,-5.0,,693,Pune,basic,IN,,0
2010,2023-09-10 12:00:00,68.0,,320,Mumbai,basic,IN,,1
2011,2023-09-10 18:00:00,49.0,23719.6,613,Delhi,basic,IN,,0
2012,2023-09-11 00:00:00,37.0,12907.66,661,,basic,IN,,0
2013,2023-09-11 06:00:00,15.0,45354.54,624,,basic,IN,,0
2014,2023-09-11 12:00:00,21.0,74487.06,546,Pune,basic,IN,,0
2015,2023-09-11 18:00:00,56.0,10148.56,343,Chennai,basic,IN,,0
2016,2023-09-12 00:00:00,2.0,20522.41,424,Delhi,basic,IN,,0
2017,2023-09-12 06:00:00,34.0,134727.44,827,Delhi,basic,IN,,0
2018,2023-09-12 12:00:00,49.0,9345.84,581,Delhi,basic,IN,,0
2019,2023-09-12 18:00:00,40.0,,844,Mumbai,basic,IN,,1
2020,2023-09-13 00:00:00,48.0,,344,Chennai,basic,IN,,0
2021,2023-09-13 06:00:00,36.0,,390,Chennai,basic,IN,,1
2022,2023-09-13 12:00:00,69.0,1862.99,678,Delhi,basic,IN,,0
2023,2023-09-13 18:00:00,25.0,4474.84,722,Chennai,basic,IN,,0
2024,2023-09-14 00:00:00,20.0,,667,Chennai,basic,IN,,0
2025,2023-09-14 06:00:00,42.0,,618,Mumbai,basic,IN,,0
2026,2023-09-14 12:00:00,57.0,53755.72,359,Mumbai,basic,IN,,0
2027,2023-09-14 18:00:00,37.0,43059.55,516,Mumbai,basic,IN,,0
2028,2023-09-15 00:00:00,52.0,,660,Delhi,basic,IN,,0
2029,2023-09-15 06:00:00,31.0,,624,Delhi,basic,IN,,0
2030,2023-09-15 12:00:00,23.0,99518.66,588,Mumbai,basic,IN,,0
2031,2023-09-15 18:00:00,56.0,,366,Mumbai,basic,IN,,0
2032,2023-09-16 00:00:00,,79051.78,501,Mumbai,basic,IN,,0
2033,2023-09-16 06:00:00,58.0,,492,Mumbai,basic,IN,,0
2034,2023-09-16 12:00:00,32.0,34575.43,310,Chennai,basic,IN,,0
2035,2023-09-16 18:00:00,23.0,42039.61,483,Delhi,basic,IN,,0
2036,2023-09-17 00:00:00,23.0,5474.51,518,Delhi,basic,IN,,0
2037,2023-09-17 06:00:00,35.0,,674,,basic,IN,,1
2038,2023-09-17 12:00:00,46.0,10955.05,685,Mumbai,basic,IN,,1
2039,2023-09-17 18:00:00,45.0,,590,Mumbai,basic,IN,,0
2040,2023-09-18 00:00:00,19.0,,401,Mumbai,basic,IN,,1
2041,2023-09-18 06:00:00,41.0,46514.78,314,Mumbai,basic,IN,,0
2042,2023-09-18 12:00:00,38.0,,477,Mumbai,basic,IN,,0
2043,2023-09-18 18:00:00,39.0,,458,Mumbai,basic,IN,,1
2044,2023-09-19 00:00:00,38.0,,686,Chennai,basic,IN,,0
2045,2023-09-19 06:00:00,35.0,38373.65,511,Delhi,basic,IN,,0
2046,2023-09-19 12:00:00,46.0,18128.13,842,,basic,IN,,0
2047,2023-09-19 18:00:00,40.0,1184.13,499,Delhi,basic,IN,,0
2048,2023-09-20 00:00:00,41.0,20633.61,404,Mumbai,basic,IN,,1
2049,2023-09-20 06:00:00,29.0,20445.58,732,Chennai,basic,IN,,0
2050,2023-09-20 12:00:00,43.0,10793.98,639,Delhi,basic,IN,,0
2051,2023-09-20 18:00:00,36.0,10920.32,755,Pune,basic,IN,,0
2052,2023-09-21 00:00:00,11.0,,383,Mumbai,basic,IN,,0
2053,2023-09-21 06:00:00,44.0,88833.46,823,Mumbai,basic,IN,,0
2054,2023-09-21 12:00:00,35.0,226236.57,454,Chennai,basic,IN,,0
2055,2023-09-21 18:00:00,50.0,98897.81,817,Delhi,basic,IN,,0
2056,2023-09-22 00:00:00,36.0,,328,Delhi,pro,IN,,0
2057,2023-09-22 06:00:00,37.0,37312.26,568,Chennai,basic,IN,,0
2058,2023-09-22 12:00:00,41.0,,655,,basic,IN,,0
2059,2023-09-22 18:00:00,38.0,,607,Delhi,basic,IN,,1
2060,2023-09-23 00:00:00,32.0,41719.38,589,Pune,basic,IN,,0
2061,2023-09-23 06:00:00,15.0,14379.68,631,Delhi,basic,IN,,1
2062,2023-09-23 12:00:00,62.0,25068.12,317,,basic,IN,,0
2063,2023-09-23 18:00:00,17.0,21373.92,578,,basic,IN,,0
2064,2023-09-24 00:00:00,34.0,13978.2,690,Pune,basic,IN,,0
2065,2023-09-24 06:00:00,46.0,,320,Mumbai,basic,IN,,0
2066,2023-09-24 12:00:00,43.0,857108.87,405,Pune,basic,IN,,0
2067,2023-09-24 18:00:00,45.0,69699.91,360,Mumbai,basic,IN,,0
2068,2023-09-25 00:00:00,48.0,90206.79,592,Chennai,basic,IN,,0
2069,2023-09-25 06:00:00,54.0,,737,Chennai,basic,IN,,0
2070,2023-09-25 12:00:00,42.0,19182.89,523,Chennai,basic,IN,,0
2071,2023-09-25 18:00:00,76.0,,714,Chennai,basic,IN,,0
2072,2023-09-26 00:00:00,,18850.58,675,Delhi,basic,IN,,0
2073,2023-09-26 06:00:00,41.0,43586.72,470,Delhi,basic,IN,,0
2074,2023-09-26 12:00:00,33.0,24732.23,767,Pune,basic,IN,,0
2075,2023-09-26 18:00:00,31.0,54007.03,408,Mumbai,basic,IN,,0
2076,2023-09-27 00:00:00,42.0,26713.74,550,,basic,IN,,1
2077,2023-09-27 06:00:00,57.0,54157.54,612,Delhi,pro,IN,,0
2078,2023-09-27 12:00:00,29.0,,441,Mumbai,basic,IN,,1
2079,2023-09-27 18:00:00,29.0,,766,Chennai,basic,IN,,0
2080,2023-09-28 00:00:00,47.0,127318.55,358,Mumbai,basic,IN,,0
2081,2023-09-28 06:00:00,45.0,9047.12,330,Delhi,basic,IN,,0
2082,2023-09-28 12:00:00,63.0,13532.15,496,Delhi,basic,IN,,0
2083,2023-09-28 18:00:00,51.0,127342.12,658,,basic,IN,,0
2084,2023-09-29 00:00:00,41.0,43991.23,773,Pune,basic,IN,,0
2085,2023-09-29 06:00:00,34.0,91348.52,423,Chennai,basic,IN,,0
2086,2023-09-29 12:00:00,41.0,,479,Delhi,basic,IN,,0
2087,2023-09-29 18:00:00,36.0,33068.14,440,Chennai,basic,IN,,0
2088,2023-09-30 00:00:00,20.0,6923.61,465,Delhi,basic,IN,,0
2089,2023-09-30 06:00:00,38.0,,542,Delhi,basic,IN,,1
2090,2023-09-30 12:00:00,36.0,44271.66,598,Mumbai,basic,IN,,0
2091,2023-09-30 18:00:00,35.0,103598.3,390,Pune,basic,IN,,0
2092,2023-10-01 00:00:00,32.0,5421.42,429,Mumbai,basic,IN,,0
2093,2023-10-01 06:00:00,60.0,8312.73,709,,basic,IN,,1
2094,2023-10-01 12:00:00,47.0,14780.39,665,Mumbai,basic,IN,,0
2095,2023-10-01 18:00:00,50.0,24445.25,352,Delhi,basic,IN,,0
2096,2023-10-02 00:00:00,30.0,6489.66,629,Delhi,basic,IN,,0
2097,2023-10-02 06:00:00,25.0,338414.34,572,Pune,basic,IN,,0
2098,2023-10-02 12:00:00,34.0,53626.56,848,Chennai,basic,IN,,0
2099,2023-10-02 18:00:00,41.0,,667,Chennai,basic,IN,,0
2100,2023-10-03 00:00:00,34.0,,809,Mumbai,basic,IN,,0
2101,2023-10-03 06:00:00,36.0,363049.16,756,Delhi,basic,IN,,0
2102,2023-10-03 12:00:00,50.0,330978.74,829,Mumbai,basic,IN,,0
2103,2023-10-03 18:00:00,42.0,,604,Delhi,basic,IN,,0
2104,2023-10-04 00:00:00,25.0,41006.69,684,Delhi,basic,IN,,1
2105,2023-10-04 06:00:00,32.0,112070.2,371,Delhi,basic,IN,,0
2106,2023-10-04 12:00:00,29.0,7557.98,692,Pune,basic,IN,,1
2107,2023-10-04 18:00:00,40.0,,744,Delhi,basic,IN,,0
2108,2023-10-05 00:00:00,23.0,123700.13,376,Mumbai,basic,IN,,0
2109,2023-10-05 06:00:00,,12950.15,816,,basic,IN,,0
2110,2023-10-05 12:00:00,47.0,17274.14,819,Delhi,basic,IN,,0
2111,2023-10-05 18:00:00,38.0,6282.77,316,Delhi,basic,IN,,1
2112,2023-10-06 00:00:00,26.0,11992.6,808,Delhi,basic,IN,,0
2113,2023-10-06 06:00:00,30.0,59140.49,803,Delhi,basic,IN,,0
2114,2023-10-06 12:00:00,40.0,11163.16,740,Mumbai,basic,IN,,0
2115,2023-10-06 18:00:00,44.0,6540.03,641,Mumbai,basic,IN,,0
2116,2023-10-07 00:00:00,49.0,13797.82,565,Mumbai,basic,IN,,0
2117,2023-10-07 06:00:00,36.0,195355.36,628,,pro,IN,,0
2118,2023-10-07 12:00:00,21.0,33505.18,569,Mumbai,basic,IN,,0
2119,2023-10-07 18:00:00,57.0,14807.98,513,Mumbai,basic,IN,,0
2120,2023-10-08 00:00:00,42.0,,780,Chennai,basic,IN,,0
2121,2023-10-08 06:00:00,43.0,44815.91,389,Chennai,basic,IN,,0
2122,2023-10-08 12:00:00,42.0,,693,Mumbai,basic,IN,,0
2123,2023-10-08 18:00:00,,3718.43,630,Mumbai,basic,IN,,0
2124,2023-10-09 00:00:00,34.0,,745,Mumbai,basic,IN,,1
2125,2023-10-09 06:00:00,41.0,21602.12,786,Mumbai,basic,IN,,0
2126,2023-10-09 12:00:00,51.0,69455.29,623,Mumbai,basic,IN,,0
2127,2023-10-09 18:00:00,39.0,,313,Mumbai,basic,IN,,0
2128,2023-10-10 00:00:00,-3.0,86997.9,673,Delhi,basic,IN,,0
2129,2023-10-10 06:00:00,35.0,,605,Mumbai,basic,IN,,0
2130,2023-10-10 12:00:00,43.0,4114.26,344,Delhi,basic,IN,,0
2131,2023-10-10 18:00:00,55.0,118537.34,650,Delhi,basic,IN,,1
2132,2023-10-11 00:00:00,47.0,15349.62,564,Delhi,basic,IN,,0
2133,2023-10-11 06:00:00,70.0,41039.08,805,Pune,basic,IN,,0
2134,2023-10-11 12:00:00,57.0,22668.96,799,Delhi,basic,IN,,0
2135,2023-10-11 18:00:00,56.0,,308,,basic,IN,,0
2136,2023-10-12 00:00:00,50.0,92006.56,757,Delhi,basic,IN,,0
2137,2023-10-12 06:00:00,20.0,92989.11,503,Mumbai,basic,IN,,0
2138,2023-10-12 12:00:00,49.0,59628.07,518,Delhi,pro,IN,,0
2139,2023-10-12 18:00:00,46.0,4514.94,369,Pune,basic,IN,,0
2140,2023-10-13 00:00:00,31.0,,320,Chennai,basic,IN,,0
2141,2023-10-13 06:00:00,46.0,33661.88,470,Mumbai,basic,IN,,0
2142,2023-10-13 12:00:00,43.0,9370.16,530,Mumbai,basic,IN,,1
2143,2023-10-13 18:00:00,32.0,45134.17,799,,basic,IN,,0
2144,2023-10-14 00:00:00,36.0,32352.58,672,Mumbai,basic,IN,,0
2145,2023-10-14 06:00:00,35.0,,399,Mumbai,basic,IN,,1
2146,2023-10-14 12:00:00,,8523.77,495,Delhi,basic,IN,,0
2147,2023-10-14 18:00:00,32.0,,497,Chennai,basic,IN,,0
2148,2023-10-15 00:00:00,45.0,10046.08,431,Pune,basic,IN,,0
2149,2023-10-15 06:00:00,13.0,21354.87,751,Delhi,basic,IN,,0
2150,2023-10-15 12:00:00,34.0,57164.62,570,Mumbai,basic,IN,,0
2151,2023-10-15 18:00:00,16.0,118566.93,712,Delhi,basic,IN,,0
2152,2023-10-16 00:00:00,32.0,9149.61,718,Pune,basic,IN,,0
2153,2023-10-16 06:00:00,45.0,,804,Chennai,basic,IN,,0
2154,2023-10-16 12:00:00,38.0,,752,Pune,basic,IN,,1
2155,2023-10-16 18:00:00,37.0,72412.22,368,Pune,basic,IN,,1
2156,2023-10-17 00:00:00,39.0,34794.24,792,Delhi,basic,IN,,0
2157,2023-10-17 06:00:00,58.0,1983.83,339,Chennai,basic,IN,,0
2158,2023-10-17 12:00:00,24.0,8773.07,514,Mumbai,basic,IN,,0
2159,2023-10-17 18:00:00,50.0,,422,Chennai,basic,IN,,0
2160,2023-10-18 00:00:00,18.0,,773,Pune,pro,IN,,0
2161,2023-10-18 06:00:00,32.0,,572,Chennai,basic,IN,,0
2162,2023-10-18 12:00:00,40.0,29654.83,523,Chennai,basic,IN,,0
2163,2023-10-18 18:00:00,27.0,36729.07,673,Pune,basic,IN,,0
2164,2023-10-19 00:00:00,41.0,7912.14,641,Mumbai,basic,IN,,0
2165,2023-10-19 06:00:00,47.0,,364,Delhi,basic,IN,,0
2166,2023-10-19 12:00:00,22.0,12788.48,626,Delhi,basic,IN,,0
2167,2023-10-19 18:00:00,37.0,13374.48,645,Chennai,basic,IN,,0
2168,2023-10-20 00:00:00,33.0,,496,Pune,basic,IN,,0
2169,2023-10-20 06:00:00,13.0,40597.45,422,Delhi,basic,IN,,0
2170,2023-10-20 12:00:00,36.0,34886.66,316,Delhi,basic,IN,,0
2171,2023-10-20 18:00:00,28.0,,829,Chennai,basic,IN,,0
2172,2023-10-21 00:00:00,55.0,,801,Delhi,basic,IN,,0
2173,2023-10-21 06:00:00,27.0,,605,Mumbai,basic,IN,,0
2174,2023-10-21 12:00:00,60.0,34973.36,752,Pune,basic,IN,,0
2175,2023-10-21 18:00:00,31.0,156418.09,376,Mumbai,basic,IN,,0
2176,2023-10-22 00:00:00,63.0,21022.89,368,Chennai,basic,IN,,0
2177,2023-10-22 06:00:00,45.0,38491.06,758,Pune,basic,IN,,0
2178,2023-10-22 12:00:00,44.0,10817.8,565,,basic,IN,,0
2179,2023-10-22 18:00:00,48.0,42875.98,571,Pune,basic,IN,,0
2180,2023-10-23 00:00:00,50.0,41671.83,834,Mumbai,basic,IN,,1
2181,2023-10-23 06:00:00,56.0,13328.52,723,Delhi,basic,IN,,0
2182,2023-10-23 12:00:00,61.0,16447.06,523,Chennai,basic,IN,,1
2183,2023-10-23 18:00:00,33.0,,598,Delhi,basic,IN,,0
2184,2023-10-24 00:00:00,22.0,51046.78,535,Delhi,basic,IN,,0
2185,2023-10-24 06:00:00,3.0,7466.68,786,Pune,basic,IN,,0
2186,2023-10-24 12:00:00,33.0,,546,Pune,basic,IN,,0
2187,2023-10-24 18:00:00,48.0,18520.01,454,,basic,IN,,0
2188,2023-10-25 00:00:00,43.0,,480,,basic,IN,,0
2189,2023-10-25 06:00:00,39.0,,833,,basic,IN,,0
2190,2023-10-25 12:00:00,33.0,17093.47,710,Pune,basic,IN,,1
2191,2023-10-25 18:00:00,30.0,,309,Mumbai,pro,IN,,0
2192,2023-10-26 00:00:00,34.0,,386,Pune,basic,IN,,0
2193,2023-10-26 06:00:00,43.0,,507,Delhi,basic,IN,,0
2194,2023-10-26 12:00:00,15.0,50395.47,431,Delhi,basic,IN,,0
2195,2023-10-26 18:00:00,47.0,,386,,basic,IN,,0
2196,2023-10-27 00:00:00,19.0,23209.44,399,Pune,basic,IN,,0
2197,2023-10-27 06:00:00,36.0,65662.37,843,,basic,IN,,0
2198,2023-10-27 12:00:00,30.0,53188.53,315,Delhi,basic,IN,,0
2199,2023-10-27 18:00:00,33.0,10685.52,310,Mumbai,basic,IN,,0
1000,2023-01-01 00:00:00,38.0,8496.97,538,Delhi,basic,IN,,1
1001,2023-01-01 06:00:00,56.0,,424,Mumbai,basic,IN,,1
1002,2023-01-01 12:00:00,,20812.08,797,Delhi,basic,IN,,0
1003,2023-01-01 18:00:00,31.0,8128.76,665,Chennai,basic,IN,,0
1004,2023-01-02 00:00:00,34.0,400630.7,529,Pune,basic,IN,,0
1005,2023-01-02 06:00:00,31.0,16930.4,766,Mumbai,basic,IN,,1
1006,2023-01-02 12:00:00,45.0,12993.68,454,Mumbai,basic,IN,,0
1007,2023-01-02 18:00:00,37.0,,559,Delhi,basic,IN,,0
1008,2023-01-03 00:00:00,48.0,8221.13,653,Delhi,basic,IN,,0
1009,2023-01-03 06:00:00,14.0,1791.75,375,Mumbai,pro,IN,,0
1010,2023-01-03 12:00:00,58.0,20155.46,804,Mumbai,basic,IN,,0
1011,2023-01-03 18:00:00,37.0,,742,Chennai,basic,IN,,1
1012,2023-01-04 00:00:00,47.0,,815,Delhi,basic,IN,,0
1013,2023-01-04 06:00:00,36.0,26858.58,590,Chennai,basic,IN,,0
1014,2023-01-04 12:00:00,33.0,7054.68,618,Pune,basic,IN,,0
1015,2023-01-04 18:00:00,44.0,25661.5,675,Delhi,basic,IN,,0
1016,2023-01-05 00:00:00,49.0,,624,Delhi,basic,IN,,0
1017,2023-01-05 06:00:00,35.0,,355,Delhi,basic,IN,,0
